Analysis & Synthesis report for top
Mon Apr 06 16:44:23 2026
Quartus Prime Version 20.1.1 Build 720 11/11/2020 SJ Lite Edition


---------------------
; Table of Contents ;
---------------------
  1. Legal Notice
  2. Analysis & Synthesis Summary
  3. Analysis & Synthesis Settings
  4. Parallel Compilation
  5. Analysis & Synthesis Source Files Read
  6. Analysis & Synthesis Resource Usage Summary
  7. Analysis & Synthesis Resource Utilization by Entity
  8. User-Specified and Inferred Latches
  9. Registers Removed During Synthesis
 10. Removed Registers Triggering Further Register Optimizations
 11. General Register Statistics
 12. Inverted Register Statistics
 13. Multiplexer Restructuring Statistics (Restructuring Performed)
 14. Parameter Settings for User Entity Instance: riscv_single:cpu|datapath:datapath_inst|dff_r:pc_reg
 15. Parameter Settings for User Entity Instance: riscv_single:cpu|datapath:datapath_inst|mux2:pc_mux
 16. Parameter Settings for User Entity Instance: riscv_single:cpu|datapath:datapath_inst|mux2:alu_src_mux
 17. Parameter Settings for User Entity Instance: riscv_single:cpu|datapath:datapath_inst|mux3:result_mux
 18. Port Connectivity Checks: "riscv_single:cpu|datapath:datapath_inst|adder:pc_plus4_adder"
 19. Post-Synthesis Netlist Statistics for Top Partition
 20. Elapsed Time Per Partition
 21. Analysis & Synthesis Messages



----------------
; Legal Notice ;
----------------
Copyright (C) 2020  Intel Corporation. All rights reserved.
Your use of Intel Corporation's design tools, logic functions 
and other software and tools, and any partner logic 
functions, and any output files from any of the foregoing 
(including device programming or simulation files), and any 
associated documentation or information are expressly subject 
to the terms and conditions of the Intel Program License 
Subscription Agreement, the Intel Quartus Prime License Agreement,
the Intel FPGA IP License Agreement, or other applicable license
agreement, including, without limitation, that your use is for
the sole purpose of programming logic devices manufactured by
Intel and sold by Intel or its authorized distributors.  Please
refer to the applicable agreement for further details, at
https://fpgasoftware.intel.com/eula.



+-------------------------------------------------------------------------------+
; Analysis & Synthesis Summary                                                  ;
+---------------------------------+---------------------------------------------+
; Analysis & Synthesis Status     ; Successful - Mon Apr 06 16:44:22 2026       ;
; Quartus Prime Version           ; 20.1.1 Build 720 11/11/2020 SJ Lite Edition ;
; Revision Name                   ; top                                         ;
; Top-level Entity Name           ; top                                         ;
; Family                          ; Cyclone V                                   ;
; Logic utilization (in ALMs)     ; N/A                                         ;
; Total registers                 ; 2337                                        ;
; Total pins                      ; 67                                          ;
; Total virtual pins              ; 0                                           ;
; Total block memory bits         ; 0                                           ;
; Total DSP Blocks                ; 0                                           ;
; Total HSSI RX PCSs              ; 0                                           ;
; Total HSSI PMA RX Deserializers ; 0                                           ;
; Total HSSI TX PCSs              ; 0                                           ;
; Total HSSI PMA TX Serializers   ; 0                                           ;
; Total PLLs                      ; 0                                           ;
; Total DLLs                      ; 0                                           ;
+---------------------------------+---------------------------------------------+


+---------------------------------------------------------------------------------------------------------------------------+
; Analysis & Synthesis Settings                                                                                             ;
+---------------------------------------------------------------------------------+--------------------+--------------------+
; Option                                                                          ; Setting            ; Default Value      ;
+---------------------------------------------------------------------------------+--------------------+--------------------+
; Device                                                                          ; 5CSEMA5F31C6       ;                    ;
; Top-level entity name                                                           ; top                ; top                ;
; Family name                                                                     ; Cyclone V          ; Cyclone V          ;
; Use smart compilation                                                           ; Off                ; Off                ;
; Enable parallel Assembler and Timing Analyzer during compilation                ; On                 ; On                 ;
; Enable compact report table                                                     ; Off                ; Off                ;
; Restructure Multiplexers                                                        ; Auto               ; Auto               ;
; MLAB Add Timing Constraints For Mixed-Port Feed-Through Mode Setting Don't Care ; Off                ; Off                ;
; Create Debugging Nodes for IP Cores                                             ; Off                ; Off                ;
; Preserve fewer node names                                                       ; On                 ; On                 ;
; Intel FPGA IP Evaluation Mode                                                   ; Enable             ; Enable             ;
; Verilog Version                                                                 ; Verilog_2001       ; Verilog_2001       ;
; VHDL Version                                                                    ; VHDL_1993          ; VHDL_1993          ;
; State Machine Processing                                                        ; Auto               ; Auto               ;
; Safe State Machine                                                              ; Off                ; Off                ;
; Extract Verilog State Machines                                                  ; On                 ; On                 ;
; Extract VHDL State Machines                                                     ; On                 ; On                 ;
; Ignore Verilog initial constructs                                               ; Off                ; Off                ;
; Iteration limit for constant Verilog loops                                      ; 5000               ; 5000               ;
; Iteration limit for non-constant Verilog loops                                  ; 250                ; 250                ;
; Add Pass-Through Logic to Inferred RAMs                                         ; On                 ; On                 ;
; Infer RAMs from Raw Logic                                                       ; On                 ; On                 ;
; Parallel Synthesis                                                              ; On                 ; On                 ;
; DSP Block Balancing                                                             ; Auto               ; Auto               ;
; NOT Gate Push-Back                                                              ; On                 ; On                 ;
; Power-Up Don't Care                                                             ; On                 ; On                 ;
; Remove Redundant Logic Cells                                                    ; Off                ; Off                ;
; Remove Duplicate Registers                                                      ; On                 ; On                 ;
; Ignore CARRY Buffers                                                            ; Off                ; Off                ;
; Ignore CASCADE Buffers                                                          ; Off                ; Off                ;
; Ignore GLOBAL Buffers                                                           ; Off                ; Off                ;
; Ignore ROW GLOBAL Buffers                                                       ; Off                ; Off                ;
; Ignore LCELL Buffers                                                            ; Off                ; Off                ;
; Ignore SOFT Buffers                                                             ; On                 ; On                 ;
; Limit AHDL Integers to 32 Bits                                                  ; Off                ; Off                ;
; Optimization Technique                                                          ; Balanced           ; Balanced           ;
; Carry Chain Length                                                              ; 70                 ; 70                 ;
; Auto Carry Chains                                                               ; On                 ; On                 ;
; Auto Open-Drain Pins                                                            ; On                 ; On                 ;
; Perform WYSIWYG Primitive Resynthesis                                           ; Off                ; Off                ;
; Auto ROM Replacement                                                            ; On                 ; On                 ;
; Auto RAM Replacement                                                            ; On                 ; On                 ;
; Auto DSP Block Replacement                                                      ; On                 ; On                 ;
; Auto Shift Register Replacement                                                 ; Auto               ; Auto               ;
; Allow Shift Register Merging across Hierarchies                                 ; Auto               ; Auto               ;
; Auto Clock Enable Replacement                                                   ; On                 ; On                 ;
; Strict RAM Replacement                                                          ; Off                ; Off                ;
; Allow Synchronous Control Signals                                               ; On                 ; On                 ;
; Force Use of Synchronous Clear Signals                                          ; Off                ; Off                ;
; Auto Resource Sharing                                                           ; Off                ; Off                ;
; Allow Any RAM Size For Recognition                                              ; Off                ; Off                ;
; Allow Any ROM Size For Recognition                                              ; Off                ; Off                ;
; Allow Any Shift Register Size For Recognition                                   ; Off                ; Off                ;
; Use LogicLock Constraints during Resource Balancing                             ; On                 ; On                 ;
; Ignore translate_off and synthesis_off directives                               ; Off                ; Off                ;
; Timing-Driven Synthesis                                                         ; On                 ; On                 ;
; Report Parameter Settings                                                       ; On                 ; On                 ;
; Report Source Assignments                                                       ; On                 ; On                 ;
; Report Connectivity Checks                                                      ; On                 ; On                 ;
; Ignore Maximum Fan-Out Assignments                                              ; Off                ; Off                ;
; Synchronization Register Chain Length                                           ; 3                  ; 3                  ;
; Power Optimization During Synthesis                                             ; Normal compilation ; Normal compilation ;
; HDL message level                                                               ; Level2             ; Level2             ;
; Suppress Register Optimization Related Messages                                 ; Off                ; Off                ;
; Number of Removed Registers Reported in Synthesis Report                        ; 5000               ; 5000               ;
; Number of Swept Nodes Reported in Synthesis Report                              ; 5000               ; 5000               ;
; Number of Inverted Registers Reported in Synthesis Report                       ; 100                ; 100                ;
; Clock MUX Protection                                                            ; On                 ; On                 ;
; Auto Gated Clock Conversion                                                     ; Off                ; Off                ;
; Block Design Naming                                                             ; Auto               ; Auto               ;
; SDC constraint protection                                                       ; Off                ; Off                ;
; Synthesis Effort                                                                ; Auto               ; Auto               ;
; Shift Register Replacement - Allow Asynchronous Clear Signal                    ; On                 ; On                 ;
; Pre-Mapping Resynthesis Optimization                                            ; Off                ; Off                ;
; Analysis & Synthesis Message Level                                              ; Medium             ; Medium             ;
; Disable Register Merging Across Hierarchies                                     ; Auto               ; Auto               ;
; Resource Aware Inference For Block RAM                                          ; On                 ; On                 ;
; Automatic Parallel Synthesis                                                    ; On                 ; On                 ;
; Partial Reconfiguration Bitstream ID                                            ; Off                ; Off                ;
+---------------------------------------------------------------------------------+--------------------+--------------------+


+------------------------------------------+
; Parallel Compilation                     ;
+----------------------------+-------------+
; Processors                 ; Number      ;
+----------------------------+-------------+
; Number detected on machine ; 20          ;
; Maximum allowed            ; 12          ;
;                            ;             ;
; Average used               ; 1.00        ;
; Maximum used               ; 12          ;
;                            ;             ;
; Usage by Processor         ; % Time Used ;
;     Processor 1            ; 100.0%      ;
;     Processor 2            ;   0.0%      ;
;     Processor 3            ;   0.0%      ;
;     Processor 4            ;   0.0%      ;
;     Processor 5            ;   0.0%      ;
;     Processor 6            ;   0.0%      ;
;     Processors 7-12        ;   0.0%      ;
+----------------------------+-------------+


+------------------------------------------------------------------------------------------------------------------------------------------------------+
; Analysis & Synthesis Source Files Read                                                                                                               ;
+----------------------------------+-----------------+-----------------+---------------------------------------------------------------------+---------+
; File Name with User-Entered Path ; Used in Netlist ; File Type       ; File Name with Absolute Path                                        ; Library ;
+----------------------------------+-----------------+-----------------+---------------------------------------------------------------------+---------+
; ../rtl/top.vhd                   ; yes             ; User VHDL File  ; C:/Users/rhysf/testing/rv32i-single-cycle/rtl/top.vhd               ;         ;
; ../rtl/seven_seg_decoder.vhd     ; yes             ; User VHDL File  ; C:/Users/rhysf/testing/rv32i-single-cycle/rtl/seven_seg_decoder.vhd ;         ;
; ../rtl/riscv_single.vhd          ; yes             ; User VHDL File  ; C:/Users/rhysf/testing/rv32i-single-cycle/rtl/riscv_single.vhd      ;         ;
; ../rtl/regfile.vhd               ; yes             ; User VHDL File  ; C:/Users/rhysf/testing/rv32i-single-cycle/rtl/regfile.vhd           ;         ;
; ../rtl/mux3.vhd                  ; yes             ; User VHDL File  ; C:/Users/rhysf/testing/rv32i-single-cycle/rtl/mux3.vhd              ;         ;
; ../rtl/mux2.vhd                  ; yes             ; User VHDL File  ; C:/Users/rhysf/testing/rv32i-single-cycle/rtl/mux2.vhd              ;         ;
; ../rtl/main_decoder.vhd          ; yes             ; User VHDL File  ; C:/Users/rhysf/testing/rv32i-single-cycle/rtl/main_decoder.vhd      ;         ;
; ../rtl/imem.vhd                  ; yes             ; User VHDL File  ; C:/Users/rhysf/testing/rv32i-single-cycle/rtl/imem.vhd              ;         ;
; ../rtl/extend_unit.vhd           ; yes             ; User VHDL File  ; C:/Users/rhysf/testing/rv32i-single-cycle/rtl/extend_unit.vhd       ;         ;
; ../rtl/dmem.vhd                  ; yes             ; User VHDL File  ; C:/Users/rhysf/testing/rv32i-single-cycle/rtl/dmem.vhd              ;         ;
; ../rtl/dff_r.vhd                 ; yes             ; User VHDL File  ; C:/Users/rhysf/testing/rv32i-single-cycle/rtl/dff_r.vhd             ;         ;
; ../rtl/datapath.vhd              ; yes             ; User VHDL File  ; C:/Users/rhysf/testing/rv32i-single-cycle/rtl/datapath.vhd          ;         ;
; ../rtl/control_unit.vhd          ; yes             ; User VHDL File  ; C:/Users/rhysf/testing/rv32i-single-cycle/rtl/control_unit.vhd      ;         ;
; ../rtl/alu_decoder.vhd           ; yes             ; User VHDL File  ; C:/Users/rhysf/testing/rv32i-single-cycle/rtl/alu_decoder.vhd       ;         ;
; ../rtl/alu.vhd                   ; yes             ; User VHDL File  ; C:/Users/rhysf/testing/rv32i-single-cycle/rtl/alu.vhd               ;         ;
; ../rtl/adder.vhd                 ; yes             ; User VHDL File  ; C:/Users/rhysf/testing/rv32i-single-cycle/rtl/adder.vhd             ;         ;
+----------------------------------+-----------------+-----------------+---------------------------------------------------------------------+---------+


+--------------------------------------------------------------+
; Analysis & Synthesis Resource Usage Summary                  ;
+---------------------------------------------+----------------+
; Resource                                    ; Usage          ;
+---------------------------------------------+----------------+
; Estimate of Logic utilization (ALMs needed) ; 1868           ;
;                                             ;                ;
; Combinational ALUT usage for logic          ; 1673           ;
;     -- 7 input functions                    ; 11             ;
;     -- 6 input functions                    ; 1061           ;
;     -- 5 input functions                    ; 256            ;
;     -- 4 input functions                    ; 163            ;
;     -- <=3 input functions                  ; 182            ;
;                                             ;                ;
; Dedicated logic registers                   ; 2337           ;
;                                             ;                ;
; I/O pins                                    ; 67             ;
;                                             ;                ;
; Total DSP Blocks                            ; 0              ;
;                                             ;                ;
; Maximum fan-out node                        ; CLOCK_50~input ;
; Maximum fan-out                             ; 2337           ;
; Total fan-out                               ; 16135          ;
; Average fan-out                             ; 3.89           ;
+---------------------------------------------+----------------+


+---------------------------------------------------------------------------------------------------------------------------------------------------------------------------------------------------------------------------------------------------------------+
; Analysis & Synthesis Resource Utilization by Entity                                                                                                                                                                                                           ;
+----------------------------------------+---------------------+---------------------------+-------------------+------------+------+--------------+--------------------------------------------------------------------------+-------------------+--------------+
; Compilation Hierarchy Node             ; Combinational ALUTs ; Dedicated Logic Registers ; Block Memory Bits ; DSP Blocks ; Pins ; Virtual Pins ; Full Hierarchy Name                                                      ; Entity Name       ; Library Name ;
+----------------------------------------+---------------------+---------------------------+-------------------+------------+------+--------------+--------------------------------------------------------------------------+-------------------+--------------+
; |top                                   ; 1673 (209)          ; 2337 (1)                  ; 0                 ; 0          ; 67   ; 0            ; |top                                                                     ; top               ; work         ;
;    |dmem:data_mem|                     ; 800 (800)           ; 2048 (2048)               ; 0                 ; 0          ; 0    ; 0            ; |top|dmem:data_mem                                                       ; dmem              ; work         ;
;    |imem:instruction_mem|              ; 36 (36)             ; 0 (0)                     ; 0                 ; 0          ; 0    ; 0            ; |top|imem:instruction_mem                                                ; imem              ; work         ;
;    |riscv_single:cpu|                  ; 586 (0)             ; 288 (0)                   ; 0                 ; 0          ; 0    ; 0            ; |top|riscv_single:cpu                                                    ; riscv_single      ; work         ;
;       |control_unit:control_unit_inst| ; 27 (18)             ; 0 (0)                     ; 0                 ; 0          ; 0    ; 0            ; |top|riscv_single:cpu|control_unit:control_unit_inst                     ; control_unit      ; work         ;
;          |alu_decoder:ad|              ; 4 (4)               ; 0 (0)                     ; 0                 ; 0          ; 0    ; 0            ; |top|riscv_single:cpu|control_unit:control_unit_inst|alu_decoder:ad      ; alu_decoder       ; work         ;
;          |main_decoder:md|             ; 5 (5)               ; 0 (0)                     ; 0                 ; 0          ; 0    ; 0            ; |top|riscv_single:cpu|control_unit:control_unit_inst|main_decoder:md     ; main_decoder      ; work         ;
;       |datapath:datapath_inst|         ; 559 (0)             ; 288 (0)                   ; 0                 ; 0          ; 0    ; 0            ; |top|riscv_single:cpu|datapath:datapath_inst                             ; datapath          ; work         ;
;          |adder:pc_plus4_adder|        ; 30 (30)             ; 0 (0)                     ; 0                 ; 0          ; 0    ; 0            ; |top|riscv_single:cpu|datapath:datapath_inst|adder:pc_plus4_adder        ; adder             ; work         ;
;          |adder:pc_target_adder|       ; 32 (32)             ; 0 (0)                     ; 0                 ; 0          ; 0    ; 0            ; |top|riscv_single:cpu|datapath:datapath_inst|adder:pc_target_adder       ; adder             ; work         ;
;          |alu:alu_instance|            ; 145 (145)           ; 0 (0)                     ; 0                 ; 0          ; 0    ; 0            ; |top|riscv_single:cpu|datapath:datapath_inst|alu:alu_instance            ; alu               ; work         ;
;          |dff_r:pc_reg|                ; 1 (1)               ; 32 (32)                   ; 0                 ; 0          ; 0    ; 0            ; |top|riscv_single:cpu|datapath:datapath_inst|dff_r:pc_reg                ; dff_r             ; work         ;
;          |extend_unit:extend_instance| ; 22 (22)             ; 0 (0)                     ; 0                 ; 0          ; 0    ; 0            ; |top|riscv_single:cpu|datapath:datapath_inst|extend_unit:extend_instance ; extend_unit       ; work         ;
;          |mux2:alu_src_mux|            ; 26 (26)             ; 0 (0)                     ; 0                 ; 0          ; 0    ; 0            ; |top|riscv_single:cpu|datapath:datapath_inst|mux2:alu_src_mux            ; mux2              ; work         ;
;          |mux3:result_mux|             ; 33 (33)             ; 0 (0)                     ; 0                 ; 0          ; 0    ; 0            ; |top|riscv_single:cpu|datapath:datapath_inst|mux3:result_mux             ; mux3              ; work         ;
;          |regfile:reg_file_instance|   ; 270 (270)           ; 256 (256)                 ; 0                 ; 0          ; 0    ; 0            ; |top|riscv_single:cpu|datapath:datapath_inst|regfile:reg_file_instance   ; regfile           ; work         ;
;    |seven_seg_decoder:seg0|            ; 7 (7)               ; 0 (0)                     ; 0                 ; 0          ; 0    ; 0            ; |top|seven_seg_decoder:seg0                                              ; seven_seg_decoder ; work         ;
;    |seven_seg_decoder:seg1|            ; 7 (7)               ; 0 (0)                     ; 0                 ; 0          ; 0    ; 0            ; |top|seven_seg_decoder:seg1                                              ; seven_seg_decoder ; work         ;
;    |seven_seg_decoder:seg2|            ; 7 (7)               ; 0 (0)                     ; 0                 ; 0          ; 0    ; 0            ; |top|seven_seg_decoder:seg2                                              ; seven_seg_decoder ; work         ;
;    |seven_seg_decoder:seg3|            ; 7 (7)               ; 0 (0)                     ; 0                 ; 0          ; 0    ; 0            ; |top|seven_seg_decoder:seg3                                              ; seven_seg_decoder ; work         ;
;    |seven_seg_decoder:seg4|            ; 7 (7)               ; 0 (0)                     ; 0                 ; 0          ; 0    ; 0            ; |top|seven_seg_decoder:seg4                                              ; seven_seg_decoder ; work         ;
;    |seven_seg_decoder:seg5|            ; 7 (7)               ; 0 (0)                     ; 0                 ; 0          ; 0    ; 0            ; |top|seven_seg_decoder:seg5                                              ; seven_seg_decoder ; work         ;
+----------------------------------------+---------------------+---------------------------+-------------------+------------+------+--------------+--------------------------------------------------------------------------+-------------------+--------------+
Note: For table entries with two numbers listed, the numbers in parentheses indicate the number of resources of the given type used by the specific entity alone. The numbers listed outside of parentheses indicate the total resources of the given type used by the specific entity and all of its sub-entities in the hierarchy.


+--------------------------------------------------------------------------------------------------------------------------------------------------------+
; User-Specified and Inferred Latches                                                                                                                    ;
+---------------------------------------------------------------+---------------------------------------------------------------+------------------------+
; Latch Name                                                    ; Latch Enable Signal                                           ; Free of Timing Hazards ;
+---------------------------------------------------------------+---------------------------------------------------------------+------------------------+
; riscv_single:cpu|datapath:datapath_inst|mux3:result_mux|y[24] ; riscv_single:cpu|datapath:datapath_inst|mux3:result_mux|y[31] ; yes                    ;
; riscv_single:cpu|datapath:datapath_inst|mux3:result_mux|y[25] ; riscv_single:cpu|datapath:datapath_inst|mux3:result_mux|y[31] ; yes                    ;
; riscv_single:cpu|datapath:datapath_inst|mux3:result_mux|y[26] ; riscv_single:cpu|datapath:datapath_inst|mux3:result_mux|y[31] ; yes                    ;
; riscv_single:cpu|datapath:datapath_inst|mux3:result_mux|y[27] ; riscv_single:cpu|datapath:datapath_inst|mux3:result_mux|y[31] ; yes                    ;
; riscv_single:cpu|datapath:datapath_inst|mux3:result_mux|y[28] ; riscv_single:cpu|datapath:datapath_inst|mux3:result_mux|y[31] ; yes                    ;
; riscv_single:cpu|datapath:datapath_inst|mux3:result_mux|y[29] ; riscv_single:cpu|datapath:datapath_inst|mux3:result_mux|y[31] ; yes                    ;
; riscv_single:cpu|datapath:datapath_inst|mux3:result_mux|y[30] ; riscv_single:cpu|datapath:datapath_inst|mux3:result_mux|y[31] ; yes                    ;
; riscv_single:cpu|datapath:datapath_inst|mux3:result_mux|y[31] ; riscv_single:cpu|datapath:datapath_inst|mux3:result_mux|y[31] ; yes                    ;
; riscv_single:cpu|datapath:datapath_inst|mux3:result_mux|y[3]  ; riscv_single:cpu|datapath:datapath_inst|mux3:result_mux|y[31] ; yes                    ;
; riscv_single:cpu|datapath:datapath_inst|mux3:result_mux|y[1]  ; riscv_single:cpu|datapath:datapath_inst|mux3:result_mux|y[31] ; yes                    ;
; riscv_single:cpu|datapath:datapath_inst|mux3:result_mux|y[2]  ; riscv_single:cpu|datapath:datapath_inst|mux3:result_mux|y[31] ; yes                    ;
; riscv_single:cpu|datapath:datapath_inst|mux3:result_mux|y[0]  ; riscv_single:cpu|datapath:datapath_inst|mux3:result_mux|y[31] ; yes                    ;
; riscv_single:cpu|datapath:datapath_inst|mux3:result_mux|y[23] ; riscv_single:cpu|datapath:datapath_inst|mux3:result_mux|y[31] ; yes                    ;
; riscv_single:cpu|datapath:datapath_inst|mux3:result_mux|y[22] ; riscv_single:cpu|datapath:datapath_inst|mux3:result_mux|y[31] ; yes                    ;
; riscv_single:cpu|datapath:datapath_inst|mux3:result_mux|y[21] ; riscv_single:cpu|datapath:datapath_inst|mux3:result_mux|y[31] ; yes                    ;
; riscv_single:cpu|datapath:datapath_inst|mux3:result_mux|y[20] ; riscv_single:cpu|datapath:datapath_inst|mux3:result_mux|y[31] ; yes                    ;
; riscv_single:cpu|datapath:datapath_inst|mux3:result_mux|y[19] ; riscv_single:cpu|datapath:datapath_inst|mux3:result_mux|y[31] ; yes                    ;
; riscv_single:cpu|datapath:datapath_inst|mux3:result_mux|y[18] ; riscv_single:cpu|datapath:datapath_inst|mux3:result_mux|y[31] ; yes                    ;
; riscv_single:cpu|datapath:datapath_inst|mux3:result_mux|y[17] ; riscv_single:cpu|datapath:datapath_inst|mux3:result_mux|y[31] ; yes                    ;
; riscv_single:cpu|datapath:datapath_inst|mux3:result_mux|y[16] ; riscv_single:cpu|datapath:datapath_inst|mux3:result_mux|y[31] ; yes                    ;
; riscv_single:cpu|datapath:datapath_inst|mux3:result_mux|y[15] ; riscv_single:cpu|datapath:datapath_inst|mux3:result_mux|y[31] ; yes                    ;
; riscv_single:cpu|datapath:datapath_inst|mux3:result_mux|y[14] ; riscv_single:cpu|datapath:datapath_inst|mux3:result_mux|y[31] ; yes                    ;
; riscv_single:cpu|datapath:datapath_inst|mux3:result_mux|y[13] ; riscv_single:cpu|datapath:datapath_inst|mux3:result_mux|y[31] ; yes                    ;
; riscv_single:cpu|datapath:datapath_inst|mux3:result_mux|y[12] ; riscv_single:cpu|datapath:datapath_inst|mux3:result_mux|y[31] ; yes                    ;
; riscv_single:cpu|datapath:datapath_inst|mux3:result_mux|y[11] ; riscv_single:cpu|datapath:datapath_inst|mux3:result_mux|y[31] ; yes                    ;
; riscv_single:cpu|datapath:datapath_inst|mux3:result_mux|y[10] ; riscv_single:cpu|datapath:datapath_inst|mux3:result_mux|y[31] ; yes                    ;
; riscv_single:cpu|datapath:datapath_inst|mux3:result_mux|y[9]  ; riscv_single:cpu|datapath:datapath_inst|mux3:result_mux|y[31] ; yes                    ;
; riscv_single:cpu|datapath:datapath_inst|mux3:result_mux|y[8]  ; riscv_single:cpu|datapath:datapath_inst|mux3:result_mux|y[31] ; yes                    ;
; riscv_single:cpu|datapath:datapath_inst|mux3:result_mux|y[7]  ; riscv_single:cpu|datapath:datapath_inst|mux3:result_mux|y[31] ; yes                    ;
; riscv_single:cpu|datapath:datapath_inst|mux3:result_mux|y[6]  ; riscv_single:cpu|datapath:datapath_inst|mux3:result_mux|y[31] ; yes                    ;
; riscv_single:cpu|datapath:datapath_inst|mux3:result_mux|y[5]  ; riscv_single:cpu|datapath:datapath_inst|mux3:result_mux|y[31] ; yes                    ;
; riscv_single:cpu|datapath:datapath_inst|mux3:result_mux|y[4]  ; riscv_single:cpu|datapath:datapath_inst|mux3:result_mux|y[31] ; yes                    ;
; Number of user-specified and inferred latches = 32            ;                                                               ;                        ;
+---------------------------------------------------------------+---------------------------------------------------------------+------------------------+
Note: All latches listed above may not be present at the end of synthesis due to various synthesis optimizations.


+------------------------------------------------------------------------------------------------------------------------------+
; Registers Removed During Synthesis                                                                                           ;
+--------------------------------------------------------------------------------+---------------------------------------------+
; Register name                                                                  ; Reason for Removal                          ;
+--------------------------------------------------------------------------------+---------------------------------------------+
; riscv_single:cpu|datapath:datapath_inst|regfile:reg_file_instance|regs[24][0]  ; Stuck at GND due to stuck port clock_enable ;
; riscv_single:cpu|datapath:datapath_inst|regfile:reg_file_instance|regs[25][0]  ; Stuck at GND due to stuck port clock_enable ;
; riscv_single:cpu|datapath:datapath_inst|regfile:reg_file_instance|regs[26][0]  ; Stuck at GND due to stuck port clock_enable ;
; riscv_single:cpu|datapath:datapath_inst|regfile:reg_file_instance|regs[27][0]  ; Stuck at GND due to stuck port clock_enable ;
; riscv_single:cpu|datapath:datapath_inst|regfile:reg_file_instance|regs[28][0]  ; Stuck at GND due to stuck port clock_enable ;
; riscv_single:cpu|datapath:datapath_inst|regfile:reg_file_instance|regs[29][0]  ; Stuck at GND due to stuck port clock_enable ;
; riscv_single:cpu|datapath:datapath_inst|regfile:reg_file_instance|regs[30][0]  ; Stuck at GND due to stuck port clock_enable ;
; riscv_single:cpu|datapath:datapath_inst|regfile:reg_file_instance|regs[31][0]  ; Stuck at GND due to stuck port clock_enable ;
; riscv_single:cpu|datapath:datapath_inst|regfile:reg_file_instance|regs[24][1]  ; Stuck at GND due to stuck port clock_enable ;
; riscv_single:cpu|datapath:datapath_inst|regfile:reg_file_instance|regs[25][1]  ; Stuck at GND due to stuck port clock_enable ;
; riscv_single:cpu|datapath:datapath_inst|regfile:reg_file_instance|regs[26][1]  ; Stuck at GND due to stuck port clock_enable ;
; riscv_single:cpu|datapath:datapath_inst|regfile:reg_file_instance|regs[27][1]  ; Stuck at GND due to stuck port clock_enable ;
; riscv_single:cpu|datapath:datapath_inst|regfile:reg_file_instance|regs[28][1]  ; Stuck at GND due to stuck port clock_enable ;
; riscv_single:cpu|datapath:datapath_inst|regfile:reg_file_instance|regs[29][1]  ; Stuck at GND due to stuck port clock_enable ;
; riscv_single:cpu|datapath:datapath_inst|regfile:reg_file_instance|regs[30][1]  ; Stuck at GND due to stuck port clock_enable ;
; riscv_single:cpu|datapath:datapath_inst|regfile:reg_file_instance|regs[31][1]  ; Stuck at GND due to stuck port clock_enable ;
; riscv_single:cpu|datapath:datapath_inst|regfile:reg_file_instance|regs[24][2]  ; Stuck at GND due to stuck port clock_enable ;
; riscv_single:cpu|datapath:datapath_inst|regfile:reg_file_instance|regs[25][2]  ; Stuck at GND due to stuck port clock_enable ;
; riscv_single:cpu|datapath:datapath_inst|regfile:reg_file_instance|regs[26][2]  ; Stuck at GND due to stuck port clock_enable ;
; riscv_single:cpu|datapath:datapath_inst|regfile:reg_file_instance|regs[27][2]  ; Stuck at GND due to stuck port clock_enable ;
; riscv_single:cpu|datapath:datapath_inst|regfile:reg_file_instance|regs[28][2]  ; Stuck at GND due to stuck port clock_enable ;
; riscv_single:cpu|datapath:datapath_inst|regfile:reg_file_instance|regs[29][2]  ; Stuck at GND due to stuck port clock_enable ;
; riscv_single:cpu|datapath:datapath_inst|regfile:reg_file_instance|regs[30][2]  ; Stuck at GND due to stuck port clock_enable ;
; riscv_single:cpu|datapath:datapath_inst|regfile:reg_file_instance|regs[31][2]  ; Stuck at GND due to stuck port clock_enable ;
; riscv_single:cpu|datapath:datapath_inst|regfile:reg_file_instance|regs[24][3]  ; Stuck at GND due to stuck port clock_enable ;
; riscv_single:cpu|datapath:datapath_inst|regfile:reg_file_instance|regs[25][3]  ; Stuck at GND due to stuck port clock_enable ;
; riscv_single:cpu|datapath:datapath_inst|regfile:reg_file_instance|regs[26][3]  ; Stuck at GND due to stuck port clock_enable ;
; riscv_single:cpu|datapath:datapath_inst|regfile:reg_file_instance|regs[27][3]  ; Stuck at GND due to stuck port clock_enable ;
; riscv_single:cpu|datapath:datapath_inst|regfile:reg_file_instance|regs[28][3]  ; Stuck at GND due to stuck port clock_enable ;
; riscv_single:cpu|datapath:datapath_inst|regfile:reg_file_instance|regs[29][3]  ; Stuck at GND due to stuck port clock_enable ;
; riscv_single:cpu|datapath:datapath_inst|regfile:reg_file_instance|regs[30][3]  ; Stuck at GND due to stuck port clock_enable ;
; riscv_single:cpu|datapath:datapath_inst|regfile:reg_file_instance|regs[31][3]  ; Stuck at GND due to stuck port clock_enable ;
; riscv_single:cpu|datapath:datapath_inst|regfile:reg_file_instance|regs[24][4]  ; Stuck at GND due to stuck port clock_enable ;
; riscv_single:cpu|datapath:datapath_inst|regfile:reg_file_instance|regs[25][4]  ; Stuck at GND due to stuck port clock_enable ;
; riscv_single:cpu|datapath:datapath_inst|regfile:reg_file_instance|regs[26][4]  ; Stuck at GND due to stuck port clock_enable ;
; riscv_single:cpu|datapath:datapath_inst|regfile:reg_file_instance|regs[27][4]  ; Stuck at GND due to stuck port clock_enable ;
; riscv_single:cpu|datapath:datapath_inst|regfile:reg_file_instance|regs[28][4]  ; Stuck at GND due to stuck port clock_enable ;
; riscv_single:cpu|datapath:datapath_inst|regfile:reg_file_instance|regs[29][4]  ; Stuck at GND due to stuck port clock_enable ;
; riscv_single:cpu|datapath:datapath_inst|regfile:reg_file_instance|regs[30][4]  ; Stuck at GND due to stuck port clock_enable ;
; riscv_single:cpu|datapath:datapath_inst|regfile:reg_file_instance|regs[31][4]  ; Stuck at GND due to stuck port clock_enable ;
; riscv_single:cpu|datapath:datapath_inst|regfile:reg_file_instance|regs[24][5]  ; Stuck at GND due to stuck port clock_enable ;
; riscv_single:cpu|datapath:datapath_inst|regfile:reg_file_instance|regs[25][5]  ; Stuck at GND due to stuck port clock_enable ;
; riscv_single:cpu|datapath:datapath_inst|regfile:reg_file_instance|regs[26][5]  ; Stuck at GND due to stuck port clock_enable ;
; riscv_single:cpu|datapath:datapath_inst|regfile:reg_file_instance|regs[27][5]  ; Stuck at GND due to stuck port clock_enable ;
; riscv_single:cpu|datapath:datapath_inst|regfile:reg_file_instance|regs[28][5]  ; Stuck at GND due to stuck port clock_enable ;
; riscv_single:cpu|datapath:datapath_inst|regfile:reg_file_instance|regs[29][5]  ; Stuck at GND due to stuck port clock_enable ;
; riscv_single:cpu|datapath:datapath_inst|regfile:reg_file_instance|regs[30][5]  ; Stuck at GND due to stuck port clock_enable ;
; riscv_single:cpu|datapath:datapath_inst|regfile:reg_file_instance|regs[31][5]  ; Stuck at GND due to stuck port clock_enable ;
; riscv_single:cpu|datapath:datapath_inst|regfile:reg_file_instance|regs[24][6]  ; Stuck at GND due to stuck port clock_enable ;
; riscv_single:cpu|datapath:datapath_inst|regfile:reg_file_instance|regs[25][6]  ; Stuck at GND due to stuck port clock_enable ;
; riscv_single:cpu|datapath:datapath_inst|regfile:reg_file_instance|regs[26][6]  ; Stuck at GND due to stuck port clock_enable ;
; riscv_single:cpu|datapath:datapath_inst|regfile:reg_file_instance|regs[27][6]  ; Stuck at GND due to stuck port clock_enable ;
; riscv_single:cpu|datapath:datapath_inst|regfile:reg_file_instance|regs[28][6]  ; Stuck at GND due to stuck port clock_enable ;
; riscv_single:cpu|datapath:datapath_inst|regfile:reg_file_instance|regs[29][6]  ; Stuck at GND due to stuck port clock_enable ;
; riscv_single:cpu|datapath:datapath_inst|regfile:reg_file_instance|regs[30][6]  ; Stuck at GND due to stuck port clock_enable ;
; riscv_single:cpu|datapath:datapath_inst|regfile:reg_file_instance|regs[31][6]  ; Stuck at GND due to stuck port clock_enable ;
; riscv_single:cpu|datapath:datapath_inst|regfile:reg_file_instance|regs[24][7]  ; Stuck at GND due to stuck port clock_enable ;
; riscv_single:cpu|datapath:datapath_inst|regfile:reg_file_instance|regs[25][7]  ; Stuck at GND due to stuck port clock_enable ;
; riscv_single:cpu|datapath:datapath_inst|regfile:reg_file_instance|regs[26][7]  ; Stuck at GND due to stuck port clock_enable ;
; riscv_single:cpu|datapath:datapath_inst|regfile:reg_file_instance|regs[27][7]  ; Stuck at GND due to stuck port clock_enable ;
; riscv_single:cpu|datapath:datapath_inst|regfile:reg_file_instance|regs[28][7]  ; Stuck at GND due to stuck port clock_enable ;
; riscv_single:cpu|datapath:datapath_inst|regfile:reg_file_instance|regs[29][7]  ; Stuck at GND due to stuck port clock_enable ;
; riscv_single:cpu|datapath:datapath_inst|regfile:reg_file_instance|regs[30][7]  ; Stuck at GND due to stuck port clock_enable ;
; riscv_single:cpu|datapath:datapath_inst|regfile:reg_file_instance|regs[31][7]  ; Stuck at GND due to stuck port clock_enable ;
; riscv_single:cpu|datapath:datapath_inst|regfile:reg_file_instance|regs[24][8]  ; Stuck at GND due to stuck port clock_enable ;
; riscv_single:cpu|datapath:datapath_inst|regfile:reg_file_instance|regs[25][8]  ; Stuck at GND due to stuck port clock_enable ;
; riscv_single:cpu|datapath:datapath_inst|regfile:reg_file_instance|regs[26][8]  ; Stuck at GND due to stuck port clock_enable ;
; riscv_single:cpu|datapath:datapath_inst|regfile:reg_file_instance|regs[27][8]  ; Stuck at GND due to stuck port clock_enable ;
; riscv_single:cpu|datapath:datapath_inst|regfile:reg_file_instance|regs[28][8]  ; Stuck at GND due to stuck port clock_enable ;
; riscv_single:cpu|datapath:datapath_inst|regfile:reg_file_instance|regs[29][8]  ; Stuck at GND due to stuck port clock_enable ;
; riscv_single:cpu|datapath:datapath_inst|regfile:reg_file_instance|regs[30][8]  ; Stuck at GND due to stuck port clock_enable ;
; riscv_single:cpu|datapath:datapath_inst|regfile:reg_file_instance|regs[31][8]  ; Stuck at GND due to stuck port clock_enable ;
; riscv_single:cpu|datapath:datapath_inst|regfile:reg_file_instance|regs[24][9]  ; Stuck at GND due to stuck port clock_enable ;
; riscv_single:cpu|datapath:datapath_inst|regfile:reg_file_instance|regs[25][9]  ; Stuck at GND due to stuck port clock_enable ;
; riscv_single:cpu|datapath:datapath_inst|regfile:reg_file_instance|regs[26][9]  ; Stuck at GND due to stuck port clock_enable ;
; riscv_single:cpu|datapath:datapath_inst|regfile:reg_file_instance|regs[27][9]  ; Stuck at GND due to stuck port clock_enable ;
; riscv_single:cpu|datapath:datapath_inst|regfile:reg_file_instance|regs[28][9]  ; Stuck at GND due to stuck port clock_enable ;
; riscv_single:cpu|datapath:datapath_inst|regfile:reg_file_instance|regs[29][9]  ; Stuck at GND due to stuck port clock_enable ;
; riscv_single:cpu|datapath:datapath_inst|regfile:reg_file_instance|regs[30][9]  ; Stuck at GND due to stuck port clock_enable ;
; riscv_single:cpu|datapath:datapath_inst|regfile:reg_file_instance|regs[31][9]  ; Stuck at GND due to stuck port clock_enable ;
; riscv_single:cpu|datapath:datapath_inst|regfile:reg_file_instance|regs[24][10] ; Stuck at GND due to stuck port clock_enable ;
; riscv_single:cpu|datapath:datapath_inst|regfile:reg_file_instance|regs[25][10] ; Stuck at GND due to stuck port clock_enable ;
; riscv_single:cpu|datapath:datapath_inst|regfile:reg_file_instance|regs[26][10] ; Stuck at GND due to stuck port clock_enable ;
; riscv_single:cpu|datapath:datapath_inst|regfile:reg_file_instance|regs[27][10] ; Stuck at GND due to stuck port clock_enable ;
; riscv_single:cpu|datapath:datapath_inst|regfile:reg_file_instance|regs[28][10] ; Stuck at GND due to stuck port clock_enable ;
; riscv_single:cpu|datapath:datapath_inst|regfile:reg_file_instance|regs[29][10] ; Stuck at GND due to stuck port clock_enable ;
; riscv_single:cpu|datapath:datapath_inst|regfile:reg_file_instance|regs[30][10] ; Stuck at GND due to stuck port clock_enable ;
; riscv_single:cpu|datapath:datapath_inst|regfile:reg_file_instance|regs[31][10] ; Stuck at GND due to stuck port clock_enable ;
; riscv_single:cpu|datapath:datapath_inst|regfile:reg_file_instance|regs[24][11] ; Stuck at GND due to stuck port clock_enable ;
; riscv_single:cpu|datapath:datapath_inst|regfile:reg_file_instance|regs[25][11] ; Stuck at GND due to stuck port clock_enable ;
; riscv_single:cpu|datapath:datapath_inst|regfile:reg_file_instance|regs[26][11] ; Stuck at GND due to stuck port clock_enable ;
; riscv_single:cpu|datapath:datapath_inst|regfile:reg_file_instance|regs[27][11] ; Stuck at GND due to stuck port clock_enable ;
; riscv_single:cpu|datapath:datapath_inst|regfile:reg_file_instance|regs[28][11] ; Stuck at GND due to stuck port clock_enable ;
; riscv_single:cpu|datapath:datapath_inst|regfile:reg_file_instance|regs[29][11] ; Stuck at GND due to stuck port clock_enable ;
; riscv_single:cpu|datapath:datapath_inst|regfile:reg_file_instance|regs[30][11] ; Stuck at GND due to stuck port clock_enable ;
; riscv_single:cpu|datapath:datapath_inst|regfile:reg_file_instance|regs[31][11] ; Stuck at GND due to stuck port clock_enable ;
; riscv_single:cpu|datapath:datapath_inst|regfile:reg_file_instance|regs[24][12] ; Stuck at GND due to stuck port clock_enable ;
; riscv_single:cpu|datapath:datapath_inst|regfile:reg_file_instance|regs[25][12] ; Stuck at GND due to stuck port clock_enable ;
; riscv_single:cpu|datapath:datapath_inst|regfile:reg_file_instance|regs[26][12] ; Stuck at GND due to stuck port clock_enable ;
; riscv_single:cpu|datapath:datapath_inst|regfile:reg_file_instance|regs[27][12] ; Stuck at GND due to stuck port clock_enable ;
; riscv_single:cpu|datapath:datapath_inst|regfile:reg_file_instance|regs[28][12] ; Stuck at GND due to stuck port clock_enable ;
; riscv_single:cpu|datapath:datapath_inst|regfile:reg_file_instance|regs[29][12] ; Stuck at GND due to stuck port clock_enable ;
; riscv_single:cpu|datapath:datapath_inst|regfile:reg_file_instance|regs[30][12] ; Stuck at GND due to stuck port clock_enable ;
; riscv_single:cpu|datapath:datapath_inst|regfile:reg_file_instance|regs[31][12] ; Stuck at GND due to stuck port clock_enable ;
; riscv_single:cpu|datapath:datapath_inst|regfile:reg_file_instance|regs[24][13] ; Stuck at GND due to stuck port clock_enable ;
; riscv_single:cpu|datapath:datapath_inst|regfile:reg_file_instance|regs[25][13] ; Stuck at GND due to stuck port clock_enable ;
; riscv_single:cpu|datapath:datapath_inst|regfile:reg_file_instance|regs[26][13] ; Stuck at GND due to stuck port clock_enable ;
; riscv_single:cpu|datapath:datapath_inst|regfile:reg_file_instance|regs[27][13] ; Stuck at GND due to stuck port clock_enable ;
; riscv_single:cpu|datapath:datapath_inst|regfile:reg_file_instance|regs[28][13] ; Stuck at GND due to stuck port clock_enable ;
; riscv_single:cpu|datapath:datapath_inst|regfile:reg_file_instance|regs[29][13] ; Stuck at GND due to stuck port clock_enable ;
; riscv_single:cpu|datapath:datapath_inst|regfile:reg_file_instance|regs[30][13] ; Stuck at GND due to stuck port clock_enable ;
; riscv_single:cpu|datapath:datapath_inst|regfile:reg_file_instance|regs[31][13] ; Stuck at GND due to stuck port clock_enable ;
; riscv_single:cpu|datapath:datapath_inst|regfile:reg_file_instance|regs[24][14] ; Stuck at GND due to stuck port clock_enable ;
; riscv_single:cpu|datapath:datapath_inst|regfile:reg_file_instance|regs[25][14] ; Stuck at GND due to stuck port clock_enable ;
; riscv_single:cpu|datapath:datapath_inst|regfile:reg_file_instance|regs[26][14] ; Stuck at GND due to stuck port clock_enable ;
; riscv_single:cpu|datapath:datapath_inst|regfile:reg_file_instance|regs[27][14] ; Stuck at GND due to stuck port clock_enable ;
; riscv_single:cpu|datapath:datapath_inst|regfile:reg_file_instance|regs[28][14] ; Stuck at GND due to stuck port clock_enable ;
; riscv_single:cpu|datapath:datapath_inst|regfile:reg_file_instance|regs[29][14] ; Stuck at GND due to stuck port clock_enable ;
; riscv_single:cpu|datapath:datapath_inst|regfile:reg_file_instance|regs[30][14] ; Stuck at GND due to stuck port clock_enable ;
; riscv_single:cpu|datapath:datapath_inst|regfile:reg_file_instance|regs[31][14] ; Stuck at GND due to stuck port clock_enable ;
; riscv_single:cpu|datapath:datapath_inst|regfile:reg_file_instance|regs[24][15] ; Stuck at GND due to stuck port clock_enable ;
; riscv_single:cpu|datapath:datapath_inst|regfile:reg_file_instance|regs[25][15] ; Stuck at GND due to stuck port clock_enable ;
; riscv_single:cpu|datapath:datapath_inst|regfile:reg_file_instance|regs[26][15] ; Stuck at GND due to stuck port clock_enable ;
; riscv_single:cpu|datapath:datapath_inst|regfile:reg_file_instance|regs[27][15] ; Stuck at GND due to stuck port clock_enable ;
; riscv_single:cpu|datapath:datapath_inst|regfile:reg_file_instance|regs[28][15] ; Stuck at GND due to stuck port clock_enable ;
; riscv_single:cpu|datapath:datapath_inst|regfile:reg_file_instance|regs[29][15] ; Stuck at GND due to stuck port clock_enable ;
; riscv_single:cpu|datapath:datapath_inst|regfile:reg_file_instance|regs[30][15] ; Stuck at GND due to stuck port clock_enable ;
; riscv_single:cpu|datapath:datapath_inst|regfile:reg_file_instance|regs[31][15] ; Stuck at GND due to stuck port clock_enable ;
; riscv_single:cpu|datapath:datapath_inst|regfile:reg_file_instance|regs[24][16] ; Stuck at GND due to stuck port clock_enable ;
; riscv_single:cpu|datapath:datapath_inst|regfile:reg_file_instance|regs[25][16] ; Stuck at GND due to stuck port clock_enable ;
; riscv_single:cpu|datapath:datapath_inst|regfile:reg_file_instance|regs[26][16] ; Stuck at GND due to stuck port clock_enable ;
; riscv_single:cpu|datapath:datapath_inst|regfile:reg_file_instance|regs[27][16] ; Stuck at GND due to stuck port clock_enable ;
; riscv_single:cpu|datapath:datapath_inst|regfile:reg_file_instance|regs[28][16] ; Stuck at GND due to stuck port clock_enable ;
; riscv_single:cpu|datapath:datapath_inst|regfile:reg_file_instance|regs[29][16] ; Stuck at GND due to stuck port clock_enable ;
; riscv_single:cpu|datapath:datapath_inst|regfile:reg_file_instance|regs[30][16] ; Stuck at GND due to stuck port clock_enable ;
; riscv_single:cpu|datapath:datapath_inst|regfile:reg_file_instance|regs[31][16] ; Stuck at GND due to stuck port clock_enable ;
; riscv_single:cpu|datapath:datapath_inst|regfile:reg_file_instance|regs[24][17] ; Stuck at GND due to stuck port clock_enable ;
; riscv_single:cpu|datapath:datapath_inst|regfile:reg_file_instance|regs[25][17] ; Stuck at GND due to stuck port clock_enable ;
; riscv_single:cpu|datapath:datapath_inst|regfile:reg_file_instance|regs[26][17] ; Stuck at GND due to stuck port clock_enable ;
; riscv_single:cpu|datapath:datapath_inst|regfile:reg_file_instance|regs[27][17] ; Stuck at GND due to stuck port clock_enable ;
; riscv_single:cpu|datapath:datapath_inst|regfile:reg_file_instance|regs[28][17] ; Stuck at GND due to stuck port clock_enable ;
; riscv_single:cpu|datapath:datapath_inst|regfile:reg_file_instance|regs[29][17] ; Stuck at GND due to stuck port clock_enable ;
; riscv_single:cpu|datapath:datapath_inst|regfile:reg_file_instance|regs[30][17] ; Stuck at GND due to stuck port clock_enable ;
; riscv_single:cpu|datapath:datapath_inst|regfile:reg_file_instance|regs[31][17] ; Stuck at GND due to stuck port clock_enable ;
; riscv_single:cpu|datapath:datapath_inst|regfile:reg_file_instance|regs[24][18] ; Stuck at GND due to stuck port clock_enable ;
; riscv_single:cpu|datapath:datapath_inst|regfile:reg_file_instance|regs[25][18] ; Stuck at GND due to stuck port clock_enable ;
; riscv_single:cpu|datapath:datapath_inst|regfile:reg_file_instance|regs[26][18] ; Stuck at GND due to stuck port clock_enable ;
; riscv_single:cpu|datapath:datapath_inst|regfile:reg_file_instance|regs[27][18] ; Stuck at GND due to stuck port clock_enable ;
; riscv_single:cpu|datapath:datapath_inst|regfile:reg_file_instance|regs[28][18] ; Stuck at GND due to stuck port clock_enable ;
; riscv_single:cpu|datapath:datapath_inst|regfile:reg_file_instance|regs[29][18] ; Stuck at GND due to stuck port clock_enable ;
; riscv_single:cpu|datapath:datapath_inst|regfile:reg_file_instance|regs[30][18] ; Stuck at GND due to stuck port clock_enable ;
; riscv_single:cpu|datapath:datapath_inst|regfile:reg_file_instance|regs[31][18] ; Stuck at GND due to stuck port clock_enable ;
; riscv_single:cpu|datapath:datapath_inst|regfile:reg_file_instance|regs[24][19] ; Stuck at GND due to stuck port clock_enable ;
; riscv_single:cpu|datapath:datapath_inst|regfile:reg_file_instance|regs[25][19] ; Stuck at GND due to stuck port clock_enable ;
; riscv_single:cpu|datapath:datapath_inst|regfile:reg_file_instance|regs[26][19] ; Stuck at GND due to stuck port clock_enable ;
; riscv_single:cpu|datapath:datapath_inst|regfile:reg_file_instance|regs[27][19] ; Stuck at GND due to stuck port clock_enable ;
; riscv_single:cpu|datapath:datapath_inst|regfile:reg_file_instance|regs[28][19] ; Stuck at GND due to stuck port clock_enable ;
; riscv_single:cpu|datapath:datapath_inst|regfile:reg_file_instance|regs[29][19] ; Stuck at GND due to stuck port clock_enable ;
; riscv_single:cpu|datapath:datapath_inst|regfile:reg_file_instance|regs[30][19] ; Stuck at GND due to stuck port clock_enable ;
; riscv_single:cpu|datapath:datapath_inst|regfile:reg_file_instance|regs[31][19] ; Stuck at GND due to stuck port clock_enable ;
; riscv_single:cpu|datapath:datapath_inst|regfile:reg_file_instance|regs[24][20] ; Stuck at GND due to stuck port clock_enable ;
; riscv_single:cpu|datapath:datapath_inst|regfile:reg_file_instance|regs[25][20] ; Stuck at GND due to stuck port clock_enable ;
; riscv_single:cpu|datapath:datapath_inst|regfile:reg_file_instance|regs[26][20] ; Stuck at GND due to stuck port clock_enable ;
; riscv_single:cpu|datapath:datapath_inst|regfile:reg_file_instance|regs[27][20] ; Stuck at GND due to stuck port clock_enable ;
; riscv_single:cpu|datapath:datapath_inst|regfile:reg_file_instance|regs[28][20] ; Stuck at GND due to stuck port clock_enable ;
; riscv_single:cpu|datapath:datapath_inst|regfile:reg_file_instance|regs[29][20] ; Stuck at GND due to stuck port clock_enable ;
; riscv_single:cpu|datapath:datapath_inst|regfile:reg_file_instance|regs[30][20] ; Stuck at GND due to stuck port clock_enable ;
; riscv_single:cpu|datapath:datapath_inst|regfile:reg_file_instance|regs[31][20] ; Stuck at GND due to stuck port clock_enable ;
; riscv_single:cpu|datapath:datapath_inst|regfile:reg_file_instance|regs[24][21] ; Stuck at GND due to stuck port clock_enable ;
; riscv_single:cpu|datapath:datapath_inst|regfile:reg_file_instance|regs[25][21] ; Stuck at GND due to stuck port clock_enable ;
; riscv_single:cpu|datapath:datapath_inst|regfile:reg_file_instance|regs[26][21] ; Stuck at GND due to stuck port clock_enable ;
; riscv_single:cpu|datapath:datapath_inst|regfile:reg_file_instance|regs[27][21] ; Stuck at GND due to stuck port clock_enable ;
; riscv_single:cpu|datapath:datapath_inst|regfile:reg_file_instance|regs[28][21] ; Stuck at GND due to stuck port clock_enable ;
; riscv_single:cpu|datapath:datapath_inst|regfile:reg_file_instance|regs[29][21] ; Stuck at GND due to stuck port clock_enable ;
; riscv_single:cpu|datapath:datapath_inst|regfile:reg_file_instance|regs[30][21] ; Stuck at GND due to stuck port clock_enable ;
; riscv_single:cpu|datapath:datapath_inst|regfile:reg_file_instance|regs[31][21] ; Stuck at GND due to stuck port clock_enable ;
; riscv_single:cpu|datapath:datapath_inst|regfile:reg_file_instance|regs[24][22] ; Stuck at GND due to stuck port clock_enable ;
; riscv_single:cpu|datapath:datapath_inst|regfile:reg_file_instance|regs[25][22] ; Stuck at GND due to stuck port clock_enable ;
; riscv_single:cpu|datapath:datapath_inst|regfile:reg_file_instance|regs[26][22] ; Stuck at GND due to stuck port clock_enable ;
; riscv_single:cpu|datapath:datapath_inst|regfile:reg_file_instance|regs[27][22] ; Stuck at GND due to stuck port clock_enable ;
; riscv_single:cpu|datapath:datapath_inst|regfile:reg_file_instance|regs[28][22] ; Stuck at GND due to stuck port clock_enable ;
; riscv_single:cpu|datapath:datapath_inst|regfile:reg_file_instance|regs[29][22] ; Stuck at GND due to stuck port clock_enable ;
; riscv_single:cpu|datapath:datapath_inst|regfile:reg_file_instance|regs[30][22] ; Stuck at GND due to stuck port clock_enable ;
; riscv_single:cpu|datapath:datapath_inst|regfile:reg_file_instance|regs[31][22] ; Stuck at GND due to stuck port clock_enable ;
; riscv_single:cpu|datapath:datapath_inst|regfile:reg_file_instance|regs[24][23] ; Stuck at GND due to stuck port clock_enable ;
; riscv_single:cpu|datapath:datapath_inst|regfile:reg_file_instance|regs[25][23] ; Stuck at GND due to stuck port clock_enable ;
; riscv_single:cpu|datapath:datapath_inst|regfile:reg_file_instance|regs[26][23] ; Stuck at GND due to stuck port clock_enable ;
; riscv_single:cpu|datapath:datapath_inst|regfile:reg_file_instance|regs[27][23] ; Stuck at GND due to stuck port clock_enable ;
; riscv_single:cpu|datapath:datapath_inst|regfile:reg_file_instance|regs[28][23] ; Stuck at GND due to stuck port clock_enable ;
; riscv_single:cpu|datapath:datapath_inst|regfile:reg_file_instance|regs[29][23] ; Stuck at GND due to stuck port clock_enable ;
; riscv_single:cpu|datapath:datapath_inst|regfile:reg_file_instance|regs[30][23] ; Stuck at GND due to stuck port clock_enable ;
; riscv_single:cpu|datapath:datapath_inst|regfile:reg_file_instance|regs[31][23] ; Stuck at GND due to stuck port clock_enable ;
; riscv_single:cpu|datapath:datapath_inst|regfile:reg_file_instance|regs[24][24] ; Stuck at GND due to stuck port clock_enable ;
; riscv_single:cpu|datapath:datapath_inst|regfile:reg_file_instance|regs[25][24] ; Stuck at GND due to stuck port clock_enable ;
; riscv_single:cpu|datapath:datapath_inst|regfile:reg_file_instance|regs[26][24] ; Stuck at GND due to stuck port clock_enable ;
; riscv_single:cpu|datapath:datapath_inst|regfile:reg_file_instance|regs[27][24] ; Stuck at GND due to stuck port clock_enable ;
; riscv_single:cpu|datapath:datapath_inst|regfile:reg_file_instance|regs[28][24] ; Stuck at GND due to stuck port clock_enable ;
; riscv_single:cpu|datapath:datapath_inst|regfile:reg_file_instance|regs[29][24] ; Stuck at GND due to stuck port clock_enable ;
; riscv_single:cpu|datapath:datapath_inst|regfile:reg_file_instance|regs[30][24] ; Stuck at GND due to stuck port clock_enable ;
; riscv_single:cpu|datapath:datapath_inst|regfile:reg_file_instance|regs[31][24] ; Stuck at GND due to stuck port clock_enable ;
; riscv_single:cpu|datapath:datapath_inst|regfile:reg_file_instance|regs[24][25] ; Stuck at GND due to stuck port clock_enable ;
; riscv_single:cpu|datapath:datapath_inst|regfile:reg_file_instance|regs[25][25] ; Stuck at GND due to stuck port clock_enable ;
; riscv_single:cpu|datapath:datapath_inst|regfile:reg_file_instance|regs[26][25] ; Stuck at GND due to stuck port clock_enable ;
; riscv_single:cpu|datapath:datapath_inst|regfile:reg_file_instance|regs[27][25] ; Stuck at GND due to stuck port clock_enable ;
; riscv_single:cpu|datapath:datapath_inst|regfile:reg_file_instance|regs[28][25] ; Stuck at GND due to stuck port clock_enable ;
; riscv_single:cpu|datapath:datapath_inst|regfile:reg_file_instance|regs[29][25] ; Stuck at GND due to stuck port clock_enable ;
; riscv_single:cpu|datapath:datapath_inst|regfile:reg_file_instance|regs[30][25] ; Stuck at GND due to stuck port clock_enable ;
; riscv_single:cpu|datapath:datapath_inst|regfile:reg_file_instance|regs[31][25] ; Stuck at GND due to stuck port clock_enable ;
; riscv_single:cpu|datapath:datapath_inst|regfile:reg_file_instance|regs[24][26] ; Stuck at GND due to stuck port clock_enable ;
; riscv_single:cpu|datapath:datapath_inst|regfile:reg_file_instance|regs[25][26] ; Stuck at GND due to stuck port clock_enable ;
; riscv_single:cpu|datapath:datapath_inst|regfile:reg_file_instance|regs[26][26] ; Stuck at GND due to stuck port clock_enable ;
; riscv_single:cpu|datapath:datapath_inst|regfile:reg_file_instance|regs[27][26] ; Stuck at GND due to stuck port clock_enable ;
; riscv_single:cpu|datapath:datapath_inst|regfile:reg_file_instance|regs[28][26] ; Stuck at GND due to stuck port clock_enable ;
; riscv_single:cpu|datapath:datapath_inst|regfile:reg_file_instance|regs[29][26] ; Stuck at GND due to stuck port clock_enable ;
; riscv_single:cpu|datapath:datapath_inst|regfile:reg_file_instance|regs[30][26] ; Stuck at GND due to stuck port clock_enable ;
; riscv_single:cpu|datapath:datapath_inst|regfile:reg_file_instance|regs[31][26] ; Stuck at GND due to stuck port clock_enable ;
; riscv_single:cpu|datapath:datapath_inst|regfile:reg_file_instance|regs[24][27] ; Stuck at GND due to stuck port clock_enable ;
; riscv_single:cpu|datapath:datapath_inst|regfile:reg_file_instance|regs[25][27] ; Stuck at GND due to stuck port clock_enable ;
; riscv_single:cpu|datapath:datapath_inst|regfile:reg_file_instance|regs[26][27] ; Stuck at GND due to stuck port clock_enable ;
; riscv_single:cpu|datapath:datapath_inst|regfile:reg_file_instance|regs[27][27] ; Stuck at GND due to stuck port clock_enable ;
; riscv_single:cpu|datapath:datapath_inst|regfile:reg_file_instance|regs[28][27] ; Stuck at GND due to stuck port clock_enable ;
; riscv_single:cpu|datapath:datapath_inst|regfile:reg_file_instance|regs[29][27] ; Stuck at GND due to stuck port clock_enable ;
; riscv_single:cpu|datapath:datapath_inst|regfile:reg_file_instance|regs[30][27] ; Stuck at GND due to stuck port clock_enable ;
; riscv_single:cpu|datapath:datapath_inst|regfile:reg_file_instance|regs[31][27] ; Stuck at GND due to stuck port clock_enable ;
; riscv_single:cpu|datapath:datapath_inst|regfile:reg_file_instance|regs[24][28] ; Stuck at GND due to stuck port clock_enable ;
; riscv_single:cpu|datapath:datapath_inst|regfile:reg_file_instance|regs[25][28] ; Stuck at GND due to stuck port clock_enable ;
; riscv_single:cpu|datapath:datapath_inst|regfile:reg_file_instance|regs[26][28] ; Stuck at GND due to stuck port clock_enable ;
; riscv_single:cpu|datapath:datapath_inst|regfile:reg_file_instance|regs[27][28] ; Stuck at GND due to stuck port clock_enable ;
; riscv_single:cpu|datapath:datapath_inst|regfile:reg_file_instance|regs[28][28] ; Stuck at GND due to stuck port clock_enable ;
; riscv_single:cpu|datapath:datapath_inst|regfile:reg_file_instance|regs[29][28] ; Stuck at GND due to stuck port clock_enable ;
; riscv_single:cpu|datapath:datapath_inst|regfile:reg_file_instance|regs[30][28] ; Stuck at GND due to stuck port clock_enable ;
; riscv_single:cpu|datapath:datapath_inst|regfile:reg_file_instance|regs[31][28] ; Stuck at GND due to stuck port clock_enable ;
; riscv_single:cpu|datapath:datapath_inst|regfile:reg_file_instance|regs[24][29] ; Stuck at GND due to stuck port clock_enable ;
; riscv_single:cpu|datapath:datapath_inst|regfile:reg_file_instance|regs[25][29] ; Stuck at GND due to stuck port clock_enable ;
; riscv_single:cpu|datapath:datapath_inst|regfile:reg_file_instance|regs[26][29] ; Stuck at GND due to stuck port clock_enable ;
; riscv_single:cpu|datapath:datapath_inst|regfile:reg_file_instance|regs[27][29] ; Stuck at GND due to stuck port clock_enable ;
; riscv_single:cpu|datapath:datapath_inst|regfile:reg_file_instance|regs[28][29] ; Stuck at GND due to stuck port clock_enable ;
; riscv_single:cpu|datapath:datapath_inst|regfile:reg_file_instance|regs[29][29] ; Stuck at GND due to stuck port clock_enable ;
; riscv_single:cpu|datapath:datapath_inst|regfile:reg_file_instance|regs[30][29] ; Stuck at GND due to stuck port clock_enable ;
; riscv_single:cpu|datapath:datapath_inst|regfile:reg_file_instance|regs[31][29] ; Stuck at GND due to stuck port clock_enable ;
; riscv_single:cpu|datapath:datapath_inst|regfile:reg_file_instance|regs[24][30] ; Stuck at GND due to stuck port clock_enable ;
; riscv_single:cpu|datapath:datapath_inst|regfile:reg_file_instance|regs[25][30] ; Stuck at GND due to stuck port clock_enable ;
; riscv_single:cpu|datapath:datapath_inst|regfile:reg_file_instance|regs[26][30] ; Stuck at GND due to stuck port clock_enable ;
; riscv_single:cpu|datapath:datapath_inst|regfile:reg_file_instance|regs[27][30] ; Stuck at GND due to stuck port clock_enable ;
; riscv_single:cpu|datapath:datapath_inst|regfile:reg_file_instance|regs[28][30] ; Stuck at GND due to stuck port clock_enable ;
; riscv_single:cpu|datapath:datapath_inst|regfile:reg_file_instance|regs[29][30] ; Stuck at GND due to stuck port clock_enable ;
; riscv_single:cpu|datapath:datapath_inst|regfile:reg_file_instance|regs[30][30] ; Stuck at GND due to stuck port clock_enable ;
; riscv_single:cpu|datapath:datapath_inst|regfile:reg_file_instance|regs[31][30] ; Stuck at GND due to stuck port clock_enable ;
; riscv_single:cpu|datapath:datapath_inst|regfile:reg_file_instance|regs[24][31] ; Stuck at GND due to stuck port clock_enable ;
; riscv_single:cpu|datapath:datapath_inst|regfile:reg_file_instance|regs[25][31] ; Stuck at GND due to stuck port clock_enable ;
; riscv_single:cpu|datapath:datapath_inst|regfile:reg_file_instance|regs[26][31] ; Stuck at GND due to stuck port clock_enable ;
; riscv_single:cpu|datapath:datapath_inst|regfile:reg_file_instance|regs[27][31] ; Stuck at GND due to stuck port clock_enable ;
; riscv_single:cpu|datapath:datapath_inst|regfile:reg_file_instance|regs[28][31] ; Stuck at GND due to stuck port clock_enable ;
; riscv_single:cpu|datapath:datapath_inst|regfile:reg_file_instance|regs[29][31] ; Stuck at GND due to stuck port clock_enable ;
; riscv_single:cpu|datapath:datapath_inst|regfile:reg_file_instance|regs[30][31] ; Stuck at GND due to stuck port clock_enable ;
; riscv_single:cpu|datapath:datapath_inst|regfile:reg_file_instance|regs[31][31] ; Stuck at GND due to stuck port clock_enable ;
; riscv_single:cpu|datapath:datapath_inst|regfile:reg_file_instance|regs[16][0]  ; Stuck at GND due to stuck port clock_enable ;
; riscv_single:cpu|datapath:datapath_inst|regfile:reg_file_instance|regs[17][0]  ; Stuck at GND due to stuck port clock_enable ;
; riscv_single:cpu|datapath:datapath_inst|regfile:reg_file_instance|regs[18][0]  ; Stuck at GND due to stuck port clock_enable ;
; riscv_single:cpu|datapath:datapath_inst|regfile:reg_file_instance|regs[19][0]  ; Stuck at GND due to stuck port clock_enable ;
; riscv_single:cpu|datapath:datapath_inst|regfile:reg_file_instance|regs[20][0]  ; Stuck at GND due to stuck port clock_enable ;
; riscv_single:cpu|datapath:datapath_inst|regfile:reg_file_instance|regs[21][0]  ; Stuck at GND due to stuck port clock_enable ;
; riscv_single:cpu|datapath:datapath_inst|regfile:reg_file_instance|regs[22][0]  ; Stuck at GND due to stuck port clock_enable ;
; riscv_single:cpu|datapath:datapath_inst|regfile:reg_file_instance|regs[23][0]  ; Stuck at GND due to stuck port clock_enable ;
; riscv_single:cpu|datapath:datapath_inst|regfile:reg_file_instance|regs[16][1]  ; Stuck at GND due to stuck port clock_enable ;
; riscv_single:cpu|datapath:datapath_inst|regfile:reg_file_instance|regs[17][1]  ; Stuck at GND due to stuck port clock_enable ;
; riscv_single:cpu|datapath:datapath_inst|regfile:reg_file_instance|regs[18][1]  ; Stuck at GND due to stuck port clock_enable ;
; riscv_single:cpu|datapath:datapath_inst|regfile:reg_file_instance|regs[19][1]  ; Stuck at GND due to stuck port clock_enable ;
; riscv_single:cpu|datapath:datapath_inst|regfile:reg_file_instance|regs[20][1]  ; Stuck at GND due to stuck port clock_enable ;
; riscv_single:cpu|datapath:datapath_inst|regfile:reg_file_instance|regs[21][1]  ; Stuck at GND due to stuck port clock_enable ;
; riscv_single:cpu|datapath:datapath_inst|regfile:reg_file_instance|regs[22][1]  ; Stuck at GND due to stuck port clock_enable ;
; riscv_single:cpu|datapath:datapath_inst|regfile:reg_file_instance|regs[23][1]  ; Stuck at GND due to stuck port clock_enable ;
; riscv_single:cpu|datapath:datapath_inst|regfile:reg_file_instance|regs[16][2]  ; Stuck at GND due to stuck port clock_enable ;
; riscv_single:cpu|datapath:datapath_inst|regfile:reg_file_instance|regs[17][2]  ; Stuck at GND due to stuck port clock_enable ;
; riscv_single:cpu|datapath:datapath_inst|regfile:reg_file_instance|regs[18][2]  ; Stuck at GND due to stuck port clock_enable ;
; riscv_single:cpu|datapath:datapath_inst|regfile:reg_file_instance|regs[19][2]  ; Stuck at GND due to stuck port clock_enable ;
; riscv_single:cpu|datapath:datapath_inst|regfile:reg_file_instance|regs[20][2]  ; Stuck at GND due to stuck port clock_enable ;
; riscv_single:cpu|datapath:datapath_inst|regfile:reg_file_instance|regs[21][2]  ; Stuck at GND due to stuck port clock_enable ;
; riscv_single:cpu|datapath:datapath_inst|regfile:reg_file_instance|regs[22][2]  ; Stuck at GND due to stuck port clock_enable ;
; riscv_single:cpu|datapath:datapath_inst|regfile:reg_file_instance|regs[23][2]  ; Stuck at GND due to stuck port clock_enable ;
; riscv_single:cpu|datapath:datapath_inst|regfile:reg_file_instance|regs[16][3]  ; Stuck at GND due to stuck port clock_enable ;
; riscv_single:cpu|datapath:datapath_inst|regfile:reg_file_instance|regs[17][3]  ; Stuck at GND due to stuck port clock_enable ;
; riscv_single:cpu|datapath:datapath_inst|regfile:reg_file_instance|regs[18][3]  ; Stuck at GND due to stuck port clock_enable ;
; riscv_single:cpu|datapath:datapath_inst|regfile:reg_file_instance|regs[19][3]  ; Stuck at GND due to stuck port clock_enable ;
; riscv_single:cpu|datapath:datapath_inst|regfile:reg_file_instance|regs[20][3]  ; Stuck at GND due to stuck port clock_enable ;
; riscv_single:cpu|datapath:datapath_inst|regfile:reg_file_instance|regs[21][3]  ; Stuck at GND due to stuck port clock_enable ;
; riscv_single:cpu|datapath:datapath_inst|regfile:reg_file_instance|regs[22][3]  ; Stuck at GND due to stuck port clock_enable ;
; riscv_single:cpu|datapath:datapath_inst|regfile:reg_file_instance|regs[23][3]  ; Stuck at GND due to stuck port clock_enable ;
; riscv_single:cpu|datapath:datapath_inst|regfile:reg_file_instance|regs[16][4]  ; Stuck at GND due to stuck port clock_enable ;
; riscv_single:cpu|datapath:datapath_inst|regfile:reg_file_instance|regs[17][4]  ; Stuck at GND due to stuck port clock_enable ;
; riscv_single:cpu|datapath:datapath_inst|regfile:reg_file_instance|regs[18][4]  ; Stuck at GND due to stuck port clock_enable ;
; riscv_single:cpu|datapath:datapath_inst|regfile:reg_file_instance|regs[19][4]  ; Stuck at GND due to stuck port clock_enable ;
; riscv_single:cpu|datapath:datapath_inst|regfile:reg_file_instance|regs[20][4]  ; Stuck at GND due to stuck port clock_enable ;
; riscv_single:cpu|datapath:datapath_inst|regfile:reg_file_instance|regs[21][4]  ; Stuck at GND due to stuck port clock_enable ;
; riscv_single:cpu|datapath:datapath_inst|regfile:reg_file_instance|regs[22][4]  ; Stuck at GND due to stuck port clock_enable ;
; riscv_single:cpu|datapath:datapath_inst|regfile:reg_file_instance|regs[23][4]  ; Stuck at GND due to stuck port clock_enable ;
; riscv_single:cpu|datapath:datapath_inst|regfile:reg_file_instance|regs[16][5]  ; Stuck at GND due to stuck port clock_enable ;
; riscv_single:cpu|datapath:datapath_inst|regfile:reg_file_instance|regs[17][5]  ; Stuck at GND due to stuck port clock_enable ;
; riscv_single:cpu|datapath:datapath_inst|regfile:reg_file_instance|regs[18][5]  ; Stuck at GND due to stuck port clock_enable ;
; riscv_single:cpu|datapath:datapath_inst|regfile:reg_file_instance|regs[19][5]  ; Stuck at GND due to stuck port clock_enable ;
; riscv_single:cpu|datapath:datapath_inst|regfile:reg_file_instance|regs[20][5]  ; Stuck at GND due to stuck port clock_enable ;
; riscv_single:cpu|datapath:datapath_inst|regfile:reg_file_instance|regs[21][5]  ; Stuck at GND due to stuck port clock_enable ;
; riscv_single:cpu|datapath:datapath_inst|regfile:reg_file_instance|regs[22][5]  ; Stuck at GND due to stuck port clock_enable ;
; riscv_single:cpu|datapath:datapath_inst|regfile:reg_file_instance|regs[23][5]  ; Stuck at GND due to stuck port clock_enable ;
; riscv_single:cpu|datapath:datapath_inst|regfile:reg_file_instance|regs[16][6]  ; Stuck at GND due to stuck port clock_enable ;
; riscv_single:cpu|datapath:datapath_inst|regfile:reg_file_instance|regs[17][6]  ; Stuck at GND due to stuck port clock_enable ;
; riscv_single:cpu|datapath:datapath_inst|regfile:reg_file_instance|regs[18][6]  ; Stuck at GND due to stuck port clock_enable ;
; riscv_single:cpu|datapath:datapath_inst|regfile:reg_file_instance|regs[19][6]  ; Stuck at GND due to stuck port clock_enable ;
; riscv_single:cpu|datapath:datapath_inst|regfile:reg_file_instance|regs[20][6]  ; Stuck at GND due to stuck port clock_enable ;
; riscv_single:cpu|datapath:datapath_inst|regfile:reg_file_instance|regs[21][6]  ; Stuck at GND due to stuck port clock_enable ;
; riscv_single:cpu|datapath:datapath_inst|regfile:reg_file_instance|regs[22][6]  ; Stuck at GND due to stuck port clock_enable ;
; riscv_single:cpu|datapath:datapath_inst|regfile:reg_file_instance|regs[23][6]  ; Stuck at GND due to stuck port clock_enable ;
; riscv_single:cpu|datapath:datapath_inst|regfile:reg_file_instance|regs[16][7]  ; Stuck at GND due to stuck port clock_enable ;
; riscv_single:cpu|datapath:datapath_inst|regfile:reg_file_instance|regs[17][7]  ; Stuck at GND due to stuck port clock_enable ;
; riscv_single:cpu|datapath:datapath_inst|regfile:reg_file_instance|regs[18][7]  ; Stuck at GND due to stuck port clock_enable ;
; riscv_single:cpu|datapath:datapath_inst|regfile:reg_file_instance|regs[19][7]  ; Stuck at GND due to stuck port clock_enable ;
; riscv_single:cpu|datapath:datapath_inst|regfile:reg_file_instance|regs[20][7]  ; Stuck at GND due to stuck port clock_enable ;
; riscv_single:cpu|datapath:datapath_inst|regfile:reg_file_instance|regs[21][7]  ; Stuck at GND due to stuck port clock_enable ;
; riscv_single:cpu|datapath:datapath_inst|regfile:reg_file_instance|regs[22][7]  ; Stuck at GND due to stuck port clock_enable ;
; riscv_single:cpu|datapath:datapath_inst|regfile:reg_file_instance|regs[23][7]  ; Stuck at GND due to stuck port clock_enable ;
; riscv_single:cpu|datapath:datapath_inst|regfile:reg_file_instance|regs[16][8]  ; Stuck at GND due to stuck port clock_enable ;
; riscv_single:cpu|datapath:datapath_inst|regfile:reg_file_instance|regs[17][8]  ; Stuck at GND due to stuck port clock_enable ;
; riscv_single:cpu|datapath:datapath_inst|regfile:reg_file_instance|regs[18][8]  ; Stuck at GND due to stuck port clock_enable ;
; riscv_single:cpu|datapath:datapath_inst|regfile:reg_file_instance|regs[19][8]  ; Stuck at GND due to stuck port clock_enable ;
; riscv_single:cpu|datapath:datapath_inst|regfile:reg_file_instance|regs[20][8]  ; Stuck at GND due to stuck port clock_enable ;
; riscv_single:cpu|datapath:datapath_inst|regfile:reg_file_instance|regs[21][8]  ; Stuck at GND due to stuck port clock_enable ;
; riscv_single:cpu|datapath:datapath_inst|regfile:reg_file_instance|regs[22][8]  ; Stuck at GND due to stuck port clock_enable ;
; riscv_single:cpu|datapath:datapath_inst|regfile:reg_file_instance|regs[23][8]  ; Stuck at GND due to stuck port clock_enable ;
; riscv_single:cpu|datapath:datapath_inst|regfile:reg_file_instance|regs[16][9]  ; Stuck at GND due to stuck port clock_enable ;
; riscv_single:cpu|datapath:datapath_inst|regfile:reg_file_instance|regs[17][9]  ; Stuck at GND due to stuck port clock_enable ;
; riscv_single:cpu|datapath:datapath_inst|regfile:reg_file_instance|regs[18][9]  ; Stuck at GND due to stuck port clock_enable ;
; riscv_single:cpu|datapath:datapath_inst|regfile:reg_file_instance|regs[19][9]  ; Stuck at GND due to stuck port clock_enable ;
; riscv_single:cpu|datapath:datapath_inst|regfile:reg_file_instance|regs[20][9]  ; Stuck at GND due to stuck port clock_enable ;
; riscv_single:cpu|datapath:datapath_inst|regfile:reg_file_instance|regs[21][9]  ; Stuck at GND due to stuck port clock_enable ;
; riscv_single:cpu|datapath:datapath_inst|regfile:reg_file_instance|regs[22][9]  ; Stuck at GND due to stuck port clock_enable ;
; riscv_single:cpu|datapath:datapath_inst|regfile:reg_file_instance|regs[23][9]  ; Stuck at GND due to stuck port clock_enable ;
; riscv_single:cpu|datapath:datapath_inst|regfile:reg_file_instance|regs[16][10] ; Stuck at GND due to stuck port clock_enable ;
; riscv_single:cpu|datapath:datapath_inst|regfile:reg_file_instance|regs[17][10] ; Stuck at GND due to stuck port clock_enable ;
; riscv_single:cpu|datapath:datapath_inst|regfile:reg_file_instance|regs[18][10] ; Stuck at GND due to stuck port clock_enable ;
; riscv_single:cpu|datapath:datapath_inst|regfile:reg_file_instance|regs[19][10] ; Stuck at GND due to stuck port clock_enable ;
; riscv_single:cpu|datapath:datapath_inst|regfile:reg_file_instance|regs[20][10] ; Stuck at GND due to stuck port clock_enable ;
; riscv_single:cpu|datapath:datapath_inst|regfile:reg_file_instance|regs[21][10] ; Stuck at GND due to stuck port clock_enable ;
; riscv_single:cpu|datapath:datapath_inst|regfile:reg_file_instance|regs[22][10] ; Stuck at GND due to stuck port clock_enable ;
; riscv_single:cpu|datapath:datapath_inst|regfile:reg_file_instance|regs[23][10] ; Stuck at GND due to stuck port clock_enable ;
; riscv_single:cpu|datapath:datapath_inst|regfile:reg_file_instance|regs[16][11] ; Stuck at GND due to stuck port clock_enable ;
; riscv_single:cpu|datapath:datapath_inst|regfile:reg_file_instance|regs[17][11] ; Stuck at GND due to stuck port clock_enable ;
; riscv_single:cpu|datapath:datapath_inst|regfile:reg_file_instance|regs[18][11] ; Stuck at GND due to stuck port clock_enable ;
; riscv_single:cpu|datapath:datapath_inst|regfile:reg_file_instance|regs[19][11] ; Stuck at GND due to stuck port clock_enable ;
; riscv_single:cpu|datapath:datapath_inst|regfile:reg_file_instance|regs[20][11] ; Stuck at GND due to stuck port clock_enable ;
; riscv_single:cpu|datapath:datapath_inst|regfile:reg_file_instance|regs[21][11] ; Stuck at GND due to stuck port clock_enable ;
; riscv_single:cpu|datapath:datapath_inst|regfile:reg_file_instance|regs[22][11] ; Stuck at GND due to stuck port clock_enable ;
; riscv_single:cpu|datapath:datapath_inst|regfile:reg_file_instance|regs[23][11] ; Stuck at GND due to stuck port clock_enable ;
; riscv_single:cpu|datapath:datapath_inst|regfile:reg_file_instance|regs[16][12] ; Stuck at GND due to stuck port clock_enable ;
; riscv_single:cpu|datapath:datapath_inst|regfile:reg_file_instance|regs[17][12] ; Stuck at GND due to stuck port clock_enable ;
; riscv_single:cpu|datapath:datapath_inst|regfile:reg_file_instance|regs[18][12] ; Stuck at GND due to stuck port clock_enable ;
; riscv_single:cpu|datapath:datapath_inst|regfile:reg_file_instance|regs[19][12] ; Stuck at GND due to stuck port clock_enable ;
; riscv_single:cpu|datapath:datapath_inst|regfile:reg_file_instance|regs[20][12] ; Stuck at GND due to stuck port clock_enable ;
; riscv_single:cpu|datapath:datapath_inst|regfile:reg_file_instance|regs[21][12] ; Stuck at GND due to stuck port clock_enable ;
; riscv_single:cpu|datapath:datapath_inst|regfile:reg_file_instance|regs[22][12] ; Stuck at GND due to stuck port clock_enable ;
; riscv_single:cpu|datapath:datapath_inst|regfile:reg_file_instance|regs[23][12] ; Stuck at GND due to stuck port clock_enable ;
; riscv_single:cpu|datapath:datapath_inst|regfile:reg_file_instance|regs[16][13] ; Stuck at GND due to stuck port clock_enable ;
; riscv_single:cpu|datapath:datapath_inst|regfile:reg_file_instance|regs[17][13] ; Stuck at GND due to stuck port clock_enable ;
; riscv_single:cpu|datapath:datapath_inst|regfile:reg_file_instance|regs[18][13] ; Stuck at GND due to stuck port clock_enable ;
; riscv_single:cpu|datapath:datapath_inst|regfile:reg_file_instance|regs[19][13] ; Stuck at GND due to stuck port clock_enable ;
; riscv_single:cpu|datapath:datapath_inst|regfile:reg_file_instance|regs[20][13] ; Stuck at GND due to stuck port clock_enable ;
; riscv_single:cpu|datapath:datapath_inst|regfile:reg_file_instance|regs[21][13] ; Stuck at GND due to stuck port clock_enable ;
; riscv_single:cpu|datapath:datapath_inst|regfile:reg_file_instance|regs[22][13] ; Stuck at GND due to stuck port clock_enable ;
; riscv_single:cpu|datapath:datapath_inst|regfile:reg_file_instance|regs[23][13] ; Stuck at GND due to stuck port clock_enable ;
; riscv_single:cpu|datapath:datapath_inst|regfile:reg_file_instance|regs[16][14] ; Stuck at GND due to stuck port clock_enable ;
; riscv_single:cpu|datapath:datapath_inst|regfile:reg_file_instance|regs[17][14] ; Stuck at GND due to stuck port clock_enable ;
; riscv_single:cpu|datapath:datapath_inst|regfile:reg_file_instance|regs[18][14] ; Stuck at GND due to stuck port clock_enable ;
; riscv_single:cpu|datapath:datapath_inst|regfile:reg_file_instance|regs[19][14] ; Stuck at GND due to stuck port clock_enable ;
; riscv_single:cpu|datapath:datapath_inst|regfile:reg_file_instance|regs[20][14] ; Stuck at GND due to stuck port clock_enable ;
; riscv_single:cpu|datapath:datapath_inst|regfile:reg_file_instance|regs[21][14] ; Stuck at GND due to stuck port clock_enable ;
; riscv_single:cpu|datapath:datapath_inst|regfile:reg_file_instance|regs[22][14] ; Stuck at GND due to stuck port clock_enable ;
; riscv_single:cpu|datapath:datapath_inst|regfile:reg_file_instance|regs[23][14] ; Stuck at GND due to stuck port clock_enable ;
; riscv_single:cpu|datapath:datapath_inst|regfile:reg_file_instance|regs[16][15] ; Stuck at GND due to stuck port clock_enable ;
; riscv_single:cpu|datapath:datapath_inst|regfile:reg_file_instance|regs[17][15] ; Stuck at GND due to stuck port clock_enable ;
; riscv_single:cpu|datapath:datapath_inst|regfile:reg_file_instance|regs[18][15] ; Stuck at GND due to stuck port clock_enable ;
; riscv_single:cpu|datapath:datapath_inst|regfile:reg_file_instance|regs[19][15] ; Stuck at GND due to stuck port clock_enable ;
; riscv_single:cpu|datapath:datapath_inst|regfile:reg_file_instance|regs[20][15] ; Stuck at GND due to stuck port clock_enable ;
; riscv_single:cpu|datapath:datapath_inst|regfile:reg_file_instance|regs[21][15] ; Stuck at GND due to stuck port clock_enable ;
; riscv_single:cpu|datapath:datapath_inst|regfile:reg_file_instance|regs[22][15] ; Stuck at GND due to stuck port clock_enable ;
; riscv_single:cpu|datapath:datapath_inst|regfile:reg_file_instance|regs[23][15] ; Stuck at GND due to stuck port clock_enable ;
; riscv_single:cpu|datapath:datapath_inst|regfile:reg_file_instance|regs[16][16] ; Stuck at GND due to stuck port clock_enable ;
; riscv_single:cpu|datapath:datapath_inst|regfile:reg_file_instance|regs[17][16] ; Stuck at GND due to stuck port clock_enable ;
; riscv_single:cpu|datapath:datapath_inst|regfile:reg_file_instance|regs[18][16] ; Stuck at GND due to stuck port clock_enable ;
; riscv_single:cpu|datapath:datapath_inst|regfile:reg_file_instance|regs[19][16] ; Stuck at GND due to stuck port clock_enable ;
; riscv_single:cpu|datapath:datapath_inst|regfile:reg_file_instance|regs[20][16] ; Stuck at GND due to stuck port clock_enable ;
; riscv_single:cpu|datapath:datapath_inst|regfile:reg_file_instance|regs[21][16] ; Stuck at GND due to stuck port clock_enable ;
; riscv_single:cpu|datapath:datapath_inst|regfile:reg_file_instance|regs[22][16] ; Stuck at GND due to stuck port clock_enable ;
; riscv_single:cpu|datapath:datapath_inst|regfile:reg_file_instance|regs[23][16] ; Stuck at GND due to stuck port clock_enable ;
; riscv_single:cpu|datapath:datapath_inst|regfile:reg_file_instance|regs[16][17] ; Stuck at GND due to stuck port clock_enable ;
; riscv_single:cpu|datapath:datapath_inst|regfile:reg_file_instance|regs[17][17] ; Stuck at GND due to stuck port clock_enable ;
; riscv_single:cpu|datapath:datapath_inst|regfile:reg_file_instance|regs[18][17] ; Stuck at GND due to stuck port clock_enable ;
; riscv_single:cpu|datapath:datapath_inst|regfile:reg_file_instance|regs[19][17] ; Stuck at GND due to stuck port clock_enable ;
; riscv_single:cpu|datapath:datapath_inst|regfile:reg_file_instance|regs[20][17] ; Stuck at GND due to stuck port clock_enable ;
; riscv_single:cpu|datapath:datapath_inst|regfile:reg_file_instance|regs[21][17] ; Stuck at GND due to stuck port clock_enable ;
; riscv_single:cpu|datapath:datapath_inst|regfile:reg_file_instance|regs[22][17] ; Stuck at GND due to stuck port clock_enable ;
; riscv_single:cpu|datapath:datapath_inst|regfile:reg_file_instance|regs[23][17] ; Stuck at GND due to stuck port clock_enable ;
; riscv_single:cpu|datapath:datapath_inst|regfile:reg_file_instance|regs[16][18] ; Stuck at GND due to stuck port clock_enable ;
; riscv_single:cpu|datapath:datapath_inst|regfile:reg_file_instance|regs[17][18] ; Stuck at GND due to stuck port clock_enable ;
; riscv_single:cpu|datapath:datapath_inst|regfile:reg_file_instance|regs[18][18] ; Stuck at GND due to stuck port clock_enable ;
; riscv_single:cpu|datapath:datapath_inst|regfile:reg_file_instance|regs[19][18] ; Stuck at GND due to stuck port clock_enable ;
; riscv_single:cpu|datapath:datapath_inst|regfile:reg_file_instance|regs[20][18] ; Stuck at GND due to stuck port clock_enable ;
; riscv_single:cpu|datapath:datapath_inst|regfile:reg_file_instance|regs[21][18] ; Stuck at GND due to stuck port clock_enable ;
; riscv_single:cpu|datapath:datapath_inst|regfile:reg_file_instance|regs[22][18] ; Stuck at GND due to stuck port clock_enable ;
; riscv_single:cpu|datapath:datapath_inst|regfile:reg_file_instance|regs[23][18] ; Stuck at GND due to stuck port clock_enable ;
; riscv_single:cpu|datapath:datapath_inst|regfile:reg_file_instance|regs[16][19] ; Stuck at GND due to stuck port clock_enable ;
; riscv_single:cpu|datapath:datapath_inst|regfile:reg_file_instance|regs[17][19] ; Stuck at GND due to stuck port clock_enable ;
; riscv_single:cpu|datapath:datapath_inst|regfile:reg_file_instance|regs[18][19] ; Stuck at GND due to stuck port clock_enable ;
; riscv_single:cpu|datapath:datapath_inst|regfile:reg_file_instance|regs[19][19] ; Stuck at GND due to stuck port clock_enable ;
; riscv_single:cpu|datapath:datapath_inst|regfile:reg_file_instance|regs[20][19] ; Stuck at GND due to stuck port clock_enable ;
; riscv_single:cpu|datapath:datapath_inst|regfile:reg_file_instance|regs[21][19] ; Stuck at GND due to stuck port clock_enable ;
; riscv_single:cpu|datapath:datapath_inst|regfile:reg_file_instance|regs[22][19] ; Stuck at GND due to stuck port clock_enable ;
; riscv_single:cpu|datapath:datapath_inst|regfile:reg_file_instance|regs[23][19] ; Stuck at GND due to stuck port clock_enable ;
; riscv_single:cpu|datapath:datapath_inst|regfile:reg_file_instance|regs[16][20] ; Stuck at GND due to stuck port clock_enable ;
; riscv_single:cpu|datapath:datapath_inst|regfile:reg_file_instance|regs[17][20] ; Stuck at GND due to stuck port clock_enable ;
; riscv_single:cpu|datapath:datapath_inst|regfile:reg_file_instance|regs[18][20] ; Stuck at GND due to stuck port clock_enable ;
; riscv_single:cpu|datapath:datapath_inst|regfile:reg_file_instance|regs[19][20] ; Stuck at GND due to stuck port clock_enable ;
; riscv_single:cpu|datapath:datapath_inst|regfile:reg_file_instance|regs[20][20] ; Stuck at GND due to stuck port clock_enable ;
; riscv_single:cpu|datapath:datapath_inst|regfile:reg_file_instance|regs[21][20] ; Stuck at GND due to stuck port clock_enable ;
; riscv_single:cpu|datapath:datapath_inst|regfile:reg_file_instance|regs[22][20] ; Stuck at GND due to stuck port clock_enable ;
; riscv_single:cpu|datapath:datapath_inst|regfile:reg_file_instance|regs[23][20] ; Stuck at GND due to stuck port clock_enable ;
; riscv_single:cpu|datapath:datapath_inst|regfile:reg_file_instance|regs[16][21] ; Stuck at GND due to stuck port clock_enable ;
; riscv_single:cpu|datapath:datapath_inst|regfile:reg_file_instance|regs[17][21] ; Stuck at GND due to stuck port clock_enable ;
; riscv_single:cpu|datapath:datapath_inst|regfile:reg_file_instance|regs[18][21] ; Stuck at GND due to stuck port clock_enable ;
; riscv_single:cpu|datapath:datapath_inst|regfile:reg_file_instance|regs[19][21] ; Stuck at GND due to stuck port clock_enable ;
; riscv_single:cpu|datapath:datapath_inst|regfile:reg_file_instance|regs[20][21] ; Stuck at GND due to stuck port clock_enable ;
; riscv_single:cpu|datapath:datapath_inst|regfile:reg_file_instance|regs[21][21] ; Stuck at GND due to stuck port clock_enable ;
; riscv_single:cpu|datapath:datapath_inst|regfile:reg_file_instance|regs[22][21] ; Stuck at GND due to stuck port clock_enable ;
; riscv_single:cpu|datapath:datapath_inst|regfile:reg_file_instance|regs[23][21] ; Stuck at GND due to stuck port clock_enable ;
; riscv_single:cpu|datapath:datapath_inst|regfile:reg_file_instance|regs[16][22] ; Stuck at GND due to stuck port clock_enable ;
; riscv_single:cpu|datapath:datapath_inst|regfile:reg_file_instance|regs[17][22] ; Stuck at GND due to stuck port clock_enable ;
; riscv_single:cpu|datapath:datapath_inst|regfile:reg_file_instance|regs[18][22] ; Stuck at GND due to stuck port clock_enable ;
; riscv_single:cpu|datapath:datapath_inst|regfile:reg_file_instance|regs[19][22] ; Stuck at GND due to stuck port clock_enable ;
; riscv_single:cpu|datapath:datapath_inst|regfile:reg_file_instance|regs[20][22] ; Stuck at GND due to stuck port clock_enable ;
; riscv_single:cpu|datapath:datapath_inst|regfile:reg_file_instance|regs[21][22] ; Stuck at GND due to stuck port clock_enable ;
; riscv_single:cpu|datapath:datapath_inst|regfile:reg_file_instance|regs[22][22] ; Stuck at GND due to stuck port clock_enable ;
; riscv_single:cpu|datapath:datapath_inst|regfile:reg_file_instance|regs[23][22] ; Stuck at GND due to stuck port clock_enable ;
; riscv_single:cpu|datapath:datapath_inst|regfile:reg_file_instance|regs[16][23] ; Stuck at GND due to stuck port clock_enable ;
; riscv_single:cpu|datapath:datapath_inst|regfile:reg_file_instance|regs[17][23] ; Stuck at GND due to stuck port clock_enable ;
; riscv_single:cpu|datapath:datapath_inst|regfile:reg_file_instance|regs[18][23] ; Stuck at GND due to stuck port clock_enable ;
; riscv_single:cpu|datapath:datapath_inst|regfile:reg_file_instance|regs[19][23] ; Stuck at GND due to stuck port clock_enable ;
; riscv_single:cpu|datapath:datapath_inst|regfile:reg_file_instance|regs[20][23] ; Stuck at GND due to stuck port clock_enable ;
; riscv_single:cpu|datapath:datapath_inst|regfile:reg_file_instance|regs[21][23] ; Stuck at GND due to stuck port clock_enable ;
; riscv_single:cpu|datapath:datapath_inst|regfile:reg_file_instance|regs[22][23] ; Stuck at GND due to stuck port clock_enable ;
; riscv_single:cpu|datapath:datapath_inst|regfile:reg_file_instance|regs[23][23] ; Stuck at GND due to stuck port clock_enable ;
; riscv_single:cpu|datapath:datapath_inst|regfile:reg_file_instance|regs[16][24] ; Stuck at GND due to stuck port clock_enable ;
; riscv_single:cpu|datapath:datapath_inst|regfile:reg_file_instance|regs[17][24] ; Stuck at GND due to stuck port clock_enable ;
; riscv_single:cpu|datapath:datapath_inst|regfile:reg_file_instance|regs[18][24] ; Stuck at GND due to stuck port clock_enable ;
; riscv_single:cpu|datapath:datapath_inst|regfile:reg_file_instance|regs[19][24] ; Stuck at GND due to stuck port clock_enable ;
; riscv_single:cpu|datapath:datapath_inst|regfile:reg_file_instance|regs[20][24] ; Stuck at GND due to stuck port clock_enable ;
; riscv_single:cpu|datapath:datapath_inst|regfile:reg_file_instance|regs[21][24] ; Stuck at GND due to stuck port clock_enable ;
; riscv_single:cpu|datapath:datapath_inst|regfile:reg_file_instance|regs[22][24] ; Stuck at GND due to stuck port clock_enable ;
; riscv_single:cpu|datapath:datapath_inst|regfile:reg_file_instance|regs[23][24] ; Stuck at GND due to stuck port clock_enable ;
; riscv_single:cpu|datapath:datapath_inst|regfile:reg_file_instance|regs[16][25] ; Stuck at GND due to stuck port clock_enable ;
; riscv_single:cpu|datapath:datapath_inst|regfile:reg_file_instance|regs[17][25] ; Stuck at GND due to stuck port clock_enable ;
; riscv_single:cpu|datapath:datapath_inst|regfile:reg_file_instance|regs[18][25] ; Stuck at GND due to stuck port clock_enable ;
; riscv_single:cpu|datapath:datapath_inst|regfile:reg_file_instance|regs[19][25] ; Stuck at GND due to stuck port clock_enable ;
; riscv_single:cpu|datapath:datapath_inst|regfile:reg_file_instance|regs[20][25] ; Stuck at GND due to stuck port clock_enable ;
; riscv_single:cpu|datapath:datapath_inst|regfile:reg_file_instance|regs[21][25] ; Stuck at GND due to stuck port clock_enable ;
; riscv_single:cpu|datapath:datapath_inst|regfile:reg_file_instance|regs[22][25] ; Stuck at GND due to stuck port clock_enable ;
; riscv_single:cpu|datapath:datapath_inst|regfile:reg_file_instance|regs[23][25] ; Stuck at GND due to stuck port clock_enable ;
; riscv_single:cpu|datapath:datapath_inst|regfile:reg_file_instance|regs[16][26] ; Stuck at GND due to stuck port clock_enable ;
; riscv_single:cpu|datapath:datapath_inst|regfile:reg_file_instance|regs[17][26] ; Stuck at GND due to stuck port clock_enable ;
; riscv_single:cpu|datapath:datapath_inst|regfile:reg_file_instance|regs[18][26] ; Stuck at GND due to stuck port clock_enable ;
; riscv_single:cpu|datapath:datapath_inst|regfile:reg_file_instance|regs[19][26] ; Stuck at GND due to stuck port clock_enable ;
; riscv_single:cpu|datapath:datapath_inst|regfile:reg_file_instance|regs[20][26] ; Stuck at GND due to stuck port clock_enable ;
; riscv_single:cpu|datapath:datapath_inst|regfile:reg_file_instance|regs[21][26] ; Stuck at GND due to stuck port clock_enable ;
; riscv_single:cpu|datapath:datapath_inst|regfile:reg_file_instance|regs[22][26] ; Stuck at GND due to stuck port clock_enable ;
; riscv_single:cpu|datapath:datapath_inst|regfile:reg_file_instance|regs[23][26] ; Stuck at GND due to stuck port clock_enable ;
; riscv_single:cpu|datapath:datapath_inst|regfile:reg_file_instance|regs[16][27] ; Stuck at GND due to stuck port clock_enable ;
; riscv_single:cpu|datapath:datapath_inst|regfile:reg_file_instance|regs[17][27] ; Stuck at GND due to stuck port clock_enable ;
; riscv_single:cpu|datapath:datapath_inst|regfile:reg_file_instance|regs[18][27] ; Stuck at GND due to stuck port clock_enable ;
; riscv_single:cpu|datapath:datapath_inst|regfile:reg_file_instance|regs[19][27] ; Stuck at GND due to stuck port clock_enable ;
; riscv_single:cpu|datapath:datapath_inst|regfile:reg_file_instance|regs[20][27] ; Stuck at GND due to stuck port clock_enable ;
; riscv_single:cpu|datapath:datapath_inst|regfile:reg_file_instance|regs[21][27] ; Stuck at GND due to stuck port clock_enable ;
; riscv_single:cpu|datapath:datapath_inst|regfile:reg_file_instance|regs[22][27] ; Stuck at GND due to stuck port clock_enable ;
; riscv_single:cpu|datapath:datapath_inst|regfile:reg_file_instance|regs[23][27] ; Stuck at GND due to stuck port clock_enable ;
; riscv_single:cpu|datapath:datapath_inst|regfile:reg_file_instance|regs[16][28] ; Stuck at GND due to stuck port clock_enable ;
; riscv_single:cpu|datapath:datapath_inst|regfile:reg_file_instance|regs[17][28] ; Stuck at GND due to stuck port clock_enable ;
; riscv_single:cpu|datapath:datapath_inst|regfile:reg_file_instance|regs[18][28] ; Stuck at GND due to stuck port clock_enable ;
; riscv_single:cpu|datapath:datapath_inst|regfile:reg_file_instance|regs[19][28] ; Stuck at GND due to stuck port clock_enable ;
; riscv_single:cpu|datapath:datapath_inst|regfile:reg_file_instance|regs[20][28] ; Stuck at GND due to stuck port clock_enable ;
; riscv_single:cpu|datapath:datapath_inst|regfile:reg_file_instance|regs[21][28] ; Stuck at GND due to stuck port clock_enable ;
; riscv_single:cpu|datapath:datapath_inst|regfile:reg_file_instance|regs[22][28] ; Stuck at GND due to stuck port clock_enable ;
; riscv_single:cpu|datapath:datapath_inst|regfile:reg_file_instance|regs[23][28] ; Stuck at GND due to stuck port clock_enable ;
; riscv_single:cpu|datapath:datapath_inst|regfile:reg_file_instance|regs[16][29] ; Stuck at GND due to stuck port clock_enable ;
; riscv_single:cpu|datapath:datapath_inst|regfile:reg_file_instance|regs[17][29] ; Stuck at GND due to stuck port clock_enable ;
; riscv_single:cpu|datapath:datapath_inst|regfile:reg_file_instance|regs[18][29] ; Stuck at GND due to stuck port clock_enable ;
; riscv_single:cpu|datapath:datapath_inst|regfile:reg_file_instance|regs[19][29] ; Stuck at GND due to stuck port clock_enable ;
; riscv_single:cpu|datapath:datapath_inst|regfile:reg_file_instance|regs[20][29] ; Stuck at GND due to stuck port clock_enable ;
; riscv_single:cpu|datapath:datapath_inst|regfile:reg_file_instance|regs[21][29] ; Stuck at GND due to stuck port clock_enable ;
; riscv_single:cpu|datapath:datapath_inst|regfile:reg_file_instance|regs[22][29] ; Stuck at GND due to stuck port clock_enable ;
; riscv_single:cpu|datapath:datapath_inst|regfile:reg_file_instance|regs[23][29] ; Stuck at GND due to stuck port clock_enable ;
; riscv_single:cpu|datapath:datapath_inst|regfile:reg_file_instance|regs[16][30] ; Stuck at GND due to stuck port clock_enable ;
; riscv_single:cpu|datapath:datapath_inst|regfile:reg_file_instance|regs[17][30] ; Stuck at GND due to stuck port clock_enable ;
; riscv_single:cpu|datapath:datapath_inst|regfile:reg_file_instance|regs[18][30] ; Stuck at GND due to stuck port clock_enable ;
; riscv_single:cpu|datapath:datapath_inst|regfile:reg_file_instance|regs[19][30] ; Stuck at GND due to stuck port clock_enable ;
; riscv_single:cpu|datapath:datapath_inst|regfile:reg_file_instance|regs[20][30] ; Stuck at GND due to stuck port clock_enable ;
; riscv_single:cpu|datapath:datapath_inst|regfile:reg_file_instance|regs[21][30] ; Stuck at GND due to stuck port clock_enable ;
; riscv_single:cpu|datapath:datapath_inst|regfile:reg_file_instance|regs[22][30] ; Stuck at GND due to stuck port clock_enable ;
; riscv_single:cpu|datapath:datapath_inst|regfile:reg_file_instance|regs[23][30] ; Stuck at GND due to stuck port clock_enable ;
; riscv_single:cpu|datapath:datapath_inst|regfile:reg_file_instance|regs[16][31] ; Stuck at GND due to stuck port clock_enable ;
; riscv_single:cpu|datapath:datapath_inst|regfile:reg_file_instance|regs[17][31] ; Stuck at GND due to stuck port clock_enable ;
; riscv_single:cpu|datapath:datapath_inst|regfile:reg_file_instance|regs[18][31] ; Stuck at GND due to stuck port clock_enable ;
; riscv_single:cpu|datapath:datapath_inst|regfile:reg_file_instance|regs[19][31] ; Stuck at GND due to stuck port clock_enable ;
; riscv_single:cpu|datapath:datapath_inst|regfile:reg_file_instance|regs[20][31] ; Stuck at GND due to stuck port clock_enable ;
; riscv_single:cpu|datapath:datapath_inst|regfile:reg_file_instance|regs[21][31] ; Stuck at GND due to stuck port clock_enable ;
; riscv_single:cpu|datapath:datapath_inst|regfile:reg_file_instance|regs[22][31] ; Stuck at GND due to stuck port clock_enable ;
; riscv_single:cpu|datapath:datapath_inst|regfile:reg_file_instance|regs[23][31] ; Stuck at GND due to stuck port clock_enable ;
; riscv_single:cpu|datapath:datapath_inst|regfile:reg_file_instance|regs[0][24]  ; Stuck at GND due to stuck port clock_enable ;
; riscv_single:cpu|datapath:datapath_inst|regfile:reg_file_instance|regs[0][25]  ; Stuck at GND due to stuck port clock_enable ;
; riscv_single:cpu|datapath:datapath_inst|regfile:reg_file_instance|regs[0][26]  ; Stuck at GND due to stuck port clock_enable ;
; riscv_single:cpu|datapath:datapath_inst|regfile:reg_file_instance|regs[0][27]  ; Stuck at GND due to stuck port clock_enable ;
; riscv_single:cpu|datapath:datapath_inst|regfile:reg_file_instance|regs[0][28]  ; Stuck at GND due to stuck port clock_enable ;
; riscv_single:cpu|datapath:datapath_inst|regfile:reg_file_instance|regs[0][29]  ; Stuck at GND due to stuck port clock_enable ;
; riscv_single:cpu|datapath:datapath_inst|regfile:reg_file_instance|regs[0][30]  ; Stuck at GND due to stuck port clock_enable ;
; riscv_single:cpu|datapath:datapath_inst|regfile:reg_file_instance|regs[0][31]  ; Stuck at GND due to stuck port clock_enable ;
; riscv_single:cpu|datapath:datapath_inst|regfile:reg_file_instance|regs[0][1]   ; Stuck at GND due to stuck port clock_enable ;
; riscv_single:cpu|datapath:datapath_inst|regfile:reg_file_instance|regs[0][2]   ; Stuck at GND due to stuck port clock_enable ;
; riscv_single:cpu|datapath:datapath_inst|regfile:reg_file_instance|regs[0][0]   ; Stuck at GND due to stuck port clock_enable ;
; riscv_single:cpu|datapath:datapath_inst|regfile:reg_file_instance|regs[0][4]   ; Stuck at GND due to stuck port clock_enable ;
; riscv_single:cpu|datapath:datapath_inst|regfile:reg_file_instance|regs[0][7]   ; Stuck at GND due to stuck port clock_enable ;
; riscv_single:cpu|datapath:datapath_inst|regfile:reg_file_instance|regs[0][6]   ; Stuck at GND due to stuck port clock_enable ;
; riscv_single:cpu|datapath:datapath_inst|regfile:reg_file_instance|regs[0][5]   ; Stuck at GND due to stuck port clock_enable ;
; riscv_single:cpu|datapath:datapath_inst|regfile:reg_file_instance|regs[0][3]   ; Stuck at GND due to stuck port clock_enable ;
; riscv_single:cpu|datapath:datapath_inst|regfile:reg_file_instance|regs[0][9]   ; Stuck at GND due to stuck port clock_enable ;
; riscv_single:cpu|datapath:datapath_inst|regfile:reg_file_instance|regs[0][8]   ; Stuck at GND due to stuck port clock_enable ;
; riscv_single:cpu|datapath:datapath_inst|regfile:reg_file_instance|regs[0][11]  ; Stuck at GND due to stuck port clock_enable ;
; riscv_single:cpu|datapath:datapath_inst|regfile:reg_file_instance|regs[0][14]  ; Stuck at GND due to stuck port clock_enable ;
; riscv_single:cpu|datapath:datapath_inst|regfile:reg_file_instance|regs[0][13]  ; Stuck at GND due to stuck port clock_enable ;
; riscv_single:cpu|datapath:datapath_inst|regfile:reg_file_instance|regs[0][12]  ; Stuck at GND due to stuck port clock_enable ;
; riscv_single:cpu|datapath:datapath_inst|regfile:reg_file_instance|regs[0][10]  ; Stuck at GND due to stuck port clock_enable ;
; riscv_single:cpu|datapath:datapath_inst|regfile:reg_file_instance|regs[0][16]  ; Stuck at GND due to stuck port clock_enable ;
; riscv_single:cpu|datapath:datapath_inst|regfile:reg_file_instance|regs[0][15]  ; Stuck at GND due to stuck port clock_enable ;
; riscv_single:cpu|datapath:datapath_inst|regfile:reg_file_instance|regs[0][18]  ; Stuck at GND due to stuck port clock_enable ;
; riscv_single:cpu|datapath:datapath_inst|regfile:reg_file_instance|regs[0][21]  ; Stuck at GND due to stuck port clock_enable ;
; riscv_single:cpu|datapath:datapath_inst|regfile:reg_file_instance|regs[0][20]  ; Stuck at GND due to stuck port clock_enable ;
; riscv_single:cpu|datapath:datapath_inst|regfile:reg_file_instance|regs[0][19]  ; Stuck at GND due to stuck port clock_enable ;
; riscv_single:cpu|datapath:datapath_inst|regfile:reg_file_instance|regs[0][17]  ; Stuck at GND due to stuck port clock_enable ;
; riscv_single:cpu|datapath:datapath_inst|regfile:reg_file_instance|regs[0][23]  ; Stuck at GND due to stuck port clock_enable ;
; riscv_single:cpu|datapath:datapath_inst|regfile:reg_file_instance|regs[0][22]  ; Stuck at GND due to stuck port clock_enable ;
; riscv_single:cpu|datapath:datapath_inst|regfile:reg_file_instance|regs[9][24]  ; Stuck at GND due to stuck port clock_enable ;
; riscv_single:cpu|datapath:datapath_inst|regfile:reg_file_instance|regs[10][24] ; Stuck at GND due to stuck port clock_enable ;
; riscv_single:cpu|datapath:datapath_inst|regfile:reg_file_instance|regs[11][24] ; Stuck at GND due to stuck port clock_enable ;
; riscv_single:cpu|datapath:datapath_inst|regfile:reg_file_instance|regs[12][24] ; Stuck at GND due to stuck port clock_enable ;
; riscv_single:cpu|datapath:datapath_inst|regfile:reg_file_instance|regs[13][24] ; Stuck at GND due to stuck port clock_enable ;
; riscv_single:cpu|datapath:datapath_inst|regfile:reg_file_instance|regs[14][24] ; Stuck at GND due to stuck port clock_enable ;
; riscv_single:cpu|datapath:datapath_inst|regfile:reg_file_instance|regs[15][24] ; Stuck at GND due to stuck port clock_enable ;
; riscv_single:cpu|datapath:datapath_inst|regfile:reg_file_instance|regs[12][25] ; Stuck at GND due to stuck port clock_enable ;
; riscv_single:cpu|datapath:datapath_inst|regfile:reg_file_instance|regs[9][25]  ; Stuck at GND due to stuck port clock_enable ;
; riscv_single:cpu|datapath:datapath_inst|regfile:reg_file_instance|regs[13][25] ; Stuck at GND due to stuck port clock_enable ;
; riscv_single:cpu|datapath:datapath_inst|regfile:reg_file_instance|regs[10][25] ; Stuck at GND due to stuck port clock_enable ;
; riscv_single:cpu|datapath:datapath_inst|regfile:reg_file_instance|regs[14][25] ; Stuck at GND due to stuck port clock_enable ;
; riscv_single:cpu|datapath:datapath_inst|regfile:reg_file_instance|regs[11][25] ; Stuck at GND due to stuck port clock_enable ;
; riscv_single:cpu|datapath:datapath_inst|regfile:reg_file_instance|regs[15][25] ; Stuck at GND due to stuck port clock_enable ;
; riscv_single:cpu|datapath:datapath_inst|regfile:reg_file_instance|regs[9][26]  ; Stuck at GND due to stuck port clock_enable ;
; riscv_single:cpu|datapath:datapath_inst|regfile:reg_file_instance|regs[10][26] ; Stuck at GND due to stuck port clock_enable ;
; riscv_single:cpu|datapath:datapath_inst|regfile:reg_file_instance|regs[11][26] ; Stuck at GND due to stuck port clock_enable ;
; riscv_single:cpu|datapath:datapath_inst|regfile:reg_file_instance|regs[12][26] ; Stuck at GND due to stuck port clock_enable ;
; riscv_single:cpu|datapath:datapath_inst|regfile:reg_file_instance|regs[13][26] ; Stuck at GND due to stuck port clock_enable ;
; riscv_single:cpu|datapath:datapath_inst|regfile:reg_file_instance|regs[14][26] ; Stuck at GND due to stuck port clock_enable ;
; riscv_single:cpu|datapath:datapath_inst|regfile:reg_file_instance|regs[15][26] ; Stuck at GND due to stuck port clock_enable ;
; riscv_single:cpu|datapath:datapath_inst|regfile:reg_file_instance|regs[12][27] ; Stuck at GND due to stuck port clock_enable ;
; riscv_single:cpu|datapath:datapath_inst|regfile:reg_file_instance|regs[9][27]  ; Stuck at GND due to stuck port clock_enable ;
; riscv_single:cpu|datapath:datapath_inst|regfile:reg_file_instance|regs[13][27] ; Stuck at GND due to stuck port clock_enable ;
; riscv_single:cpu|datapath:datapath_inst|regfile:reg_file_instance|regs[10][27] ; Stuck at GND due to stuck port clock_enable ;
; riscv_single:cpu|datapath:datapath_inst|regfile:reg_file_instance|regs[14][27] ; Stuck at GND due to stuck port clock_enable ;
; riscv_single:cpu|datapath:datapath_inst|regfile:reg_file_instance|regs[11][27] ; Stuck at GND due to stuck port clock_enable ;
; riscv_single:cpu|datapath:datapath_inst|regfile:reg_file_instance|regs[15][27] ; Stuck at GND due to stuck port clock_enable ;
; riscv_single:cpu|datapath:datapath_inst|regfile:reg_file_instance|regs[9][28]  ; Stuck at GND due to stuck port clock_enable ;
; riscv_single:cpu|datapath:datapath_inst|regfile:reg_file_instance|regs[10][28] ; Stuck at GND due to stuck port clock_enable ;
; riscv_single:cpu|datapath:datapath_inst|regfile:reg_file_instance|regs[11][28] ; Stuck at GND due to stuck port clock_enable ;
; riscv_single:cpu|datapath:datapath_inst|regfile:reg_file_instance|regs[12][28] ; Stuck at GND due to stuck port clock_enable ;
; riscv_single:cpu|datapath:datapath_inst|regfile:reg_file_instance|regs[13][28] ; Stuck at GND due to stuck port clock_enable ;
; riscv_single:cpu|datapath:datapath_inst|regfile:reg_file_instance|regs[14][28] ; Stuck at GND due to stuck port clock_enable ;
; riscv_single:cpu|datapath:datapath_inst|regfile:reg_file_instance|regs[15][28] ; Stuck at GND due to stuck port clock_enable ;
; riscv_single:cpu|datapath:datapath_inst|regfile:reg_file_instance|regs[12][29] ; Stuck at GND due to stuck port clock_enable ;
; riscv_single:cpu|datapath:datapath_inst|regfile:reg_file_instance|regs[9][29]  ; Stuck at GND due to stuck port clock_enable ;
; riscv_single:cpu|datapath:datapath_inst|regfile:reg_file_instance|regs[13][29] ; Stuck at GND due to stuck port clock_enable ;
; riscv_single:cpu|datapath:datapath_inst|regfile:reg_file_instance|regs[10][29] ; Stuck at GND due to stuck port clock_enable ;
; riscv_single:cpu|datapath:datapath_inst|regfile:reg_file_instance|regs[14][29] ; Stuck at GND due to stuck port clock_enable ;
; riscv_single:cpu|datapath:datapath_inst|regfile:reg_file_instance|regs[11][29] ; Stuck at GND due to stuck port clock_enable ;
; riscv_single:cpu|datapath:datapath_inst|regfile:reg_file_instance|regs[15][29] ; Stuck at GND due to stuck port clock_enable ;
; riscv_single:cpu|datapath:datapath_inst|regfile:reg_file_instance|regs[9][30]  ; Stuck at GND due to stuck port clock_enable ;
; riscv_single:cpu|datapath:datapath_inst|regfile:reg_file_instance|regs[10][30] ; Stuck at GND due to stuck port clock_enable ;
; riscv_single:cpu|datapath:datapath_inst|regfile:reg_file_instance|regs[11][30] ; Stuck at GND due to stuck port clock_enable ;
; riscv_single:cpu|datapath:datapath_inst|regfile:reg_file_instance|regs[12][30] ; Stuck at GND due to stuck port clock_enable ;
; riscv_single:cpu|datapath:datapath_inst|regfile:reg_file_instance|regs[13][30] ; Stuck at GND due to stuck port clock_enable ;
; riscv_single:cpu|datapath:datapath_inst|regfile:reg_file_instance|regs[14][30] ; Stuck at GND due to stuck port clock_enable ;
; riscv_single:cpu|datapath:datapath_inst|regfile:reg_file_instance|regs[15][30] ; Stuck at GND due to stuck port clock_enable ;
; riscv_single:cpu|datapath:datapath_inst|regfile:reg_file_instance|regs[12][31] ; Stuck at GND due to stuck port clock_enable ;
; riscv_single:cpu|datapath:datapath_inst|regfile:reg_file_instance|regs[9][31]  ; Stuck at GND due to stuck port clock_enable ;
; riscv_single:cpu|datapath:datapath_inst|regfile:reg_file_instance|regs[13][31] ; Stuck at GND due to stuck port clock_enable ;
; riscv_single:cpu|datapath:datapath_inst|regfile:reg_file_instance|regs[10][31] ; Stuck at GND due to stuck port clock_enable ;
; riscv_single:cpu|datapath:datapath_inst|regfile:reg_file_instance|regs[14][31] ; Stuck at GND due to stuck port clock_enable ;
; riscv_single:cpu|datapath:datapath_inst|regfile:reg_file_instance|regs[11][31] ; Stuck at GND due to stuck port clock_enable ;
; riscv_single:cpu|datapath:datapath_inst|regfile:reg_file_instance|regs[15][31] ; Stuck at GND due to stuck port clock_enable ;
; riscv_single:cpu|datapath:datapath_inst|regfile:reg_file_instance|regs[11][1]  ; Stuck at GND due to stuck port clock_enable ;
; riscv_single:cpu|datapath:datapath_inst|regfile:reg_file_instance|regs[10][1]  ; Stuck at GND due to stuck port clock_enable ;
; riscv_single:cpu|datapath:datapath_inst|regfile:reg_file_instance|regs[9][1]   ; Stuck at GND due to stuck port clock_enable ;
; riscv_single:cpu|datapath:datapath_inst|regfile:reg_file_instance|regs[15][1]  ; Stuck at GND due to stuck port clock_enable ;
; riscv_single:cpu|datapath:datapath_inst|regfile:reg_file_instance|regs[14][1]  ; Stuck at GND due to stuck port clock_enable ;
; riscv_single:cpu|datapath:datapath_inst|regfile:reg_file_instance|regs[13][1]  ; Stuck at GND due to stuck port clock_enable ;
; riscv_single:cpu|datapath:datapath_inst|regfile:reg_file_instance|regs[12][1]  ; Stuck at GND due to stuck port clock_enable ;
; riscv_single:cpu|datapath:datapath_inst|regfile:reg_file_instance|regs[12][2]  ; Stuck at GND due to stuck port clock_enable ;
; riscv_single:cpu|datapath:datapath_inst|regfile:reg_file_instance|regs[9][2]   ; Stuck at GND due to stuck port clock_enable ;
; riscv_single:cpu|datapath:datapath_inst|regfile:reg_file_instance|regs[13][2]  ; Stuck at GND due to stuck port clock_enable ;
; riscv_single:cpu|datapath:datapath_inst|regfile:reg_file_instance|regs[10][2]  ; Stuck at GND due to stuck port clock_enable ;
; riscv_single:cpu|datapath:datapath_inst|regfile:reg_file_instance|regs[14][2]  ; Stuck at GND due to stuck port clock_enable ;
; riscv_single:cpu|datapath:datapath_inst|regfile:reg_file_instance|regs[11][2]  ; Stuck at GND due to stuck port clock_enable ;
; riscv_single:cpu|datapath:datapath_inst|regfile:reg_file_instance|regs[15][2]  ; Stuck at GND due to stuck port clock_enable ;
; riscv_single:cpu|datapath:datapath_inst|regfile:reg_file_instance|regs[11][0]  ; Stuck at GND due to stuck port clock_enable ;
; riscv_single:cpu|datapath:datapath_inst|regfile:reg_file_instance|regs[10][0]  ; Stuck at GND due to stuck port clock_enable ;
; riscv_single:cpu|datapath:datapath_inst|regfile:reg_file_instance|regs[9][0]   ; Stuck at GND due to stuck port clock_enable ;
; riscv_single:cpu|datapath:datapath_inst|regfile:reg_file_instance|regs[15][0]  ; Stuck at GND due to stuck port clock_enable ;
; riscv_single:cpu|datapath:datapath_inst|regfile:reg_file_instance|regs[14][0]  ; Stuck at GND due to stuck port clock_enable ;
; riscv_single:cpu|datapath:datapath_inst|regfile:reg_file_instance|regs[13][0]  ; Stuck at GND due to stuck port clock_enable ;
; riscv_single:cpu|datapath:datapath_inst|regfile:reg_file_instance|regs[12][0]  ; Stuck at GND due to stuck port clock_enable ;
; riscv_single:cpu|datapath:datapath_inst|regfile:reg_file_instance|regs[11][4]  ; Stuck at GND due to stuck port clock_enable ;
; riscv_single:cpu|datapath:datapath_inst|regfile:reg_file_instance|regs[10][4]  ; Stuck at GND due to stuck port clock_enable ;
; riscv_single:cpu|datapath:datapath_inst|regfile:reg_file_instance|regs[9][4]   ; Stuck at GND due to stuck port clock_enable ;
; riscv_single:cpu|datapath:datapath_inst|regfile:reg_file_instance|regs[15][4]  ; Stuck at GND due to stuck port clock_enable ;
; riscv_single:cpu|datapath:datapath_inst|regfile:reg_file_instance|regs[14][4]  ; Stuck at GND due to stuck port clock_enable ;
; riscv_single:cpu|datapath:datapath_inst|regfile:reg_file_instance|regs[13][4]  ; Stuck at GND due to stuck port clock_enable ;
; riscv_single:cpu|datapath:datapath_inst|regfile:reg_file_instance|regs[12][4]  ; Stuck at GND due to stuck port clock_enable ;
; riscv_single:cpu|datapath:datapath_inst|regfile:reg_file_instance|regs[11][7]  ; Stuck at GND due to stuck port clock_enable ;
; riscv_single:cpu|datapath:datapath_inst|regfile:reg_file_instance|regs[10][7]  ; Stuck at GND due to stuck port clock_enable ;
; riscv_single:cpu|datapath:datapath_inst|regfile:reg_file_instance|regs[9][7]   ; Stuck at GND due to stuck port clock_enable ;
; riscv_single:cpu|datapath:datapath_inst|regfile:reg_file_instance|regs[15][7]  ; Stuck at GND due to stuck port clock_enable ;
; riscv_single:cpu|datapath:datapath_inst|regfile:reg_file_instance|regs[14][7]  ; Stuck at GND due to stuck port clock_enable ;
; riscv_single:cpu|datapath:datapath_inst|regfile:reg_file_instance|regs[13][7]  ; Stuck at GND due to stuck port clock_enable ;
; riscv_single:cpu|datapath:datapath_inst|regfile:reg_file_instance|regs[12][7]  ; Stuck at GND due to stuck port clock_enable ;
; riscv_single:cpu|datapath:datapath_inst|regfile:reg_file_instance|regs[11][6]  ; Stuck at GND due to stuck port clock_enable ;
; riscv_single:cpu|datapath:datapath_inst|regfile:reg_file_instance|regs[10][6]  ; Stuck at GND due to stuck port clock_enable ;
; riscv_single:cpu|datapath:datapath_inst|regfile:reg_file_instance|regs[9][6]   ; Stuck at GND due to stuck port clock_enable ;
; riscv_single:cpu|datapath:datapath_inst|regfile:reg_file_instance|regs[15][6]  ; Stuck at GND due to stuck port clock_enable ;
; riscv_single:cpu|datapath:datapath_inst|regfile:reg_file_instance|regs[14][6]  ; Stuck at GND due to stuck port clock_enable ;
; riscv_single:cpu|datapath:datapath_inst|regfile:reg_file_instance|regs[13][6]  ; Stuck at GND due to stuck port clock_enable ;
; riscv_single:cpu|datapath:datapath_inst|regfile:reg_file_instance|regs[12][6]  ; Stuck at GND due to stuck port clock_enable ;
; riscv_single:cpu|datapath:datapath_inst|regfile:reg_file_instance|regs[11][5]  ; Stuck at GND due to stuck port clock_enable ;
; riscv_single:cpu|datapath:datapath_inst|regfile:reg_file_instance|regs[10][5]  ; Stuck at GND due to stuck port clock_enable ;
; riscv_single:cpu|datapath:datapath_inst|regfile:reg_file_instance|regs[9][5]   ; Stuck at GND due to stuck port clock_enable ;
; riscv_single:cpu|datapath:datapath_inst|regfile:reg_file_instance|regs[15][5]  ; Stuck at GND due to stuck port clock_enable ;
; riscv_single:cpu|datapath:datapath_inst|regfile:reg_file_instance|regs[14][5]  ; Stuck at GND due to stuck port clock_enable ;
; riscv_single:cpu|datapath:datapath_inst|regfile:reg_file_instance|regs[13][5]  ; Stuck at GND due to stuck port clock_enable ;
; riscv_single:cpu|datapath:datapath_inst|regfile:reg_file_instance|regs[12][5]  ; Stuck at GND due to stuck port clock_enable ;
; riscv_single:cpu|datapath:datapath_inst|regfile:reg_file_instance|regs[11][3]  ; Stuck at GND due to stuck port clock_enable ;
; riscv_single:cpu|datapath:datapath_inst|regfile:reg_file_instance|regs[10][3]  ; Stuck at GND due to stuck port clock_enable ;
; riscv_single:cpu|datapath:datapath_inst|regfile:reg_file_instance|regs[9][3]   ; Stuck at GND due to stuck port clock_enable ;
; riscv_single:cpu|datapath:datapath_inst|regfile:reg_file_instance|regs[15][3]  ; Stuck at GND due to stuck port clock_enable ;
; riscv_single:cpu|datapath:datapath_inst|regfile:reg_file_instance|regs[14][3]  ; Stuck at GND due to stuck port clock_enable ;
; riscv_single:cpu|datapath:datapath_inst|regfile:reg_file_instance|regs[13][3]  ; Stuck at GND due to stuck port clock_enable ;
; riscv_single:cpu|datapath:datapath_inst|regfile:reg_file_instance|regs[12][3]  ; Stuck at GND due to stuck port clock_enable ;
; riscv_single:cpu|datapath:datapath_inst|regfile:reg_file_instance|regs[11][9]  ; Stuck at GND due to stuck port clock_enable ;
; riscv_single:cpu|datapath:datapath_inst|regfile:reg_file_instance|regs[10][9]  ; Stuck at GND due to stuck port clock_enable ;
; riscv_single:cpu|datapath:datapath_inst|regfile:reg_file_instance|regs[9][9]   ; Stuck at GND due to stuck port clock_enable ;
; riscv_single:cpu|datapath:datapath_inst|regfile:reg_file_instance|regs[15][9]  ; Stuck at GND due to stuck port clock_enable ;
; riscv_single:cpu|datapath:datapath_inst|regfile:reg_file_instance|regs[14][9]  ; Stuck at GND due to stuck port clock_enable ;
; riscv_single:cpu|datapath:datapath_inst|regfile:reg_file_instance|regs[13][9]  ; Stuck at GND due to stuck port clock_enable ;
; riscv_single:cpu|datapath:datapath_inst|regfile:reg_file_instance|regs[12][9]  ; Stuck at GND due to stuck port clock_enable ;
; riscv_single:cpu|datapath:datapath_inst|regfile:reg_file_instance|regs[11][14] ; Stuck at GND due to stuck port clock_enable ;
; riscv_single:cpu|datapath:datapath_inst|regfile:reg_file_instance|regs[10][14] ; Stuck at GND due to stuck port clock_enable ;
; riscv_single:cpu|datapath:datapath_inst|regfile:reg_file_instance|regs[9][14]  ; Stuck at GND due to stuck port clock_enable ;
; riscv_single:cpu|datapath:datapath_inst|regfile:reg_file_instance|regs[15][14] ; Stuck at GND due to stuck port clock_enable ;
; riscv_single:cpu|datapath:datapath_inst|regfile:reg_file_instance|regs[14][14] ; Stuck at GND due to stuck port clock_enable ;
; riscv_single:cpu|datapath:datapath_inst|regfile:reg_file_instance|regs[13][14] ; Stuck at GND due to stuck port clock_enable ;
; riscv_single:cpu|datapath:datapath_inst|regfile:reg_file_instance|regs[12][14] ; Stuck at GND due to stuck port clock_enable ;
; riscv_single:cpu|datapath:datapath_inst|regfile:reg_file_instance|regs[11][13] ; Stuck at GND due to stuck port clock_enable ;
; riscv_single:cpu|datapath:datapath_inst|regfile:reg_file_instance|regs[10][13] ; Stuck at GND due to stuck port clock_enable ;
; riscv_single:cpu|datapath:datapath_inst|regfile:reg_file_instance|regs[9][13]  ; Stuck at GND due to stuck port clock_enable ;
; riscv_single:cpu|datapath:datapath_inst|regfile:reg_file_instance|regs[15][13] ; Stuck at GND due to stuck port clock_enable ;
; riscv_single:cpu|datapath:datapath_inst|regfile:reg_file_instance|regs[14][13] ; Stuck at GND due to stuck port clock_enable ;
; riscv_single:cpu|datapath:datapath_inst|regfile:reg_file_instance|regs[13][13] ; Stuck at GND due to stuck port clock_enable ;
; riscv_single:cpu|datapath:datapath_inst|regfile:reg_file_instance|regs[12][13] ; Stuck at GND due to stuck port clock_enable ;
; riscv_single:cpu|datapath:datapath_inst|regfile:reg_file_instance|regs[11][11] ; Stuck at GND due to stuck port clock_enable ;
; riscv_single:cpu|datapath:datapath_inst|regfile:reg_file_instance|regs[10][11] ; Stuck at GND due to stuck port clock_enable ;
; riscv_single:cpu|datapath:datapath_inst|regfile:reg_file_instance|regs[9][11]  ; Stuck at GND due to stuck port clock_enable ;
; riscv_single:cpu|datapath:datapath_inst|regfile:reg_file_instance|regs[15][11] ; Stuck at GND due to stuck port clock_enable ;
; riscv_single:cpu|datapath:datapath_inst|regfile:reg_file_instance|regs[14][11] ; Stuck at GND due to stuck port clock_enable ;
; riscv_single:cpu|datapath:datapath_inst|regfile:reg_file_instance|regs[13][11] ; Stuck at GND due to stuck port clock_enable ;
; riscv_single:cpu|datapath:datapath_inst|regfile:reg_file_instance|regs[12][11] ; Stuck at GND due to stuck port clock_enable ;
; riscv_single:cpu|datapath:datapath_inst|regfile:reg_file_instance|regs[11][12] ; Stuck at GND due to stuck port clock_enable ;
; riscv_single:cpu|datapath:datapath_inst|regfile:reg_file_instance|regs[10][12] ; Stuck at GND due to stuck port clock_enable ;
; riscv_single:cpu|datapath:datapath_inst|regfile:reg_file_instance|regs[9][12]  ; Stuck at GND due to stuck port clock_enable ;
; riscv_single:cpu|datapath:datapath_inst|regfile:reg_file_instance|regs[15][12] ; Stuck at GND due to stuck port clock_enable ;
; riscv_single:cpu|datapath:datapath_inst|regfile:reg_file_instance|regs[14][12] ; Stuck at GND due to stuck port clock_enable ;
; riscv_single:cpu|datapath:datapath_inst|regfile:reg_file_instance|regs[13][12] ; Stuck at GND due to stuck port clock_enable ;
; riscv_single:cpu|datapath:datapath_inst|regfile:reg_file_instance|regs[12][12] ; Stuck at GND due to stuck port clock_enable ;
; riscv_single:cpu|datapath:datapath_inst|regfile:reg_file_instance|regs[11][10] ; Stuck at GND due to stuck port clock_enable ;
; riscv_single:cpu|datapath:datapath_inst|regfile:reg_file_instance|regs[10][10] ; Stuck at GND due to stuck port clock_enable ;
; riscv_single:cpu|datapath:datapath_inst|regfile:reg_file_instance|regs[9][10]  ; Stuck at GND due to stuck port clock_enable ;
; riscv_single:cpu|datapath:datapath_inst|regfile:reg_file_instance|regs[15][10] ; Stuck at GND due to stuck port clock_enable ;
; riscv_single:cpu|datapath:datapath_inst|regfile:reg_file_instance|regs[14][10] ; Stuck at GND due to stuck port clock_enable ;
; riscv_single:cpu|datapath:datapath_inst|regfile:reg_file_instance|regs[13][10] ; Stuck at GND due to stuck port clock_enable ;
; riscv_single:cpu|datapath:datapath_inst|regfile:reg_file_instance|regs[12][10] ; Stuck at GND due to stuck port clock_enable ;
; riscv_single:cpu|datapath:datapath_inst|regfile:reg_file_instance|regs[11][8]  ; Stuck at GND due to stuck port clock_enable ;
; riscv_single:cpu|datapath:datapath_inst|regfile:reg_file_instance|regs[10][8]  ; Stuck at GND due to stuck port clock_enable ;
; riscv_single:cpu|datapath:datapath_inst|regfile:reg_file_instance|regs[9][8]   ; Stuck at GND due to stuck port clock_enable ;
; riscv_single:cpu|datapath:datapath_inst|regfile:reg_file_instance|regs[15][8]  ; Stuck at GND due to stuck port clock_enable ;
; riscv_single:cpu|datapath:datapath_inst|regfile:reg_file_instance|regs[14][8]  ; Stuck at GND due to stuck port clock_enable ;
; riscv_single:cpu|datapath:datapath_inst|regfile:reg_file_instance|regs[13][8]  ; Stuck at GND due to stuck port clock_enable ;
; riscv_single:cpu|datapath:datapath_inst|regfile:reg_file_instance|regs[12][8]  ; Stuck at GND due to stuck port clock_enable ;
; riscv_single:cpu|datapath:datapath_inst|regfile:reg_file_instance|regs[11][16] ; Stuck at GND due to stuck port clock_enable ;
; riscv_single:cpu|datapath:datapath_inst|regfile:reg_file_instance|regs[10][16] ; Stuck at GND due to stuck port clock_enable ;
; riscv_single:cpu|datapath:datapath_inst|regfile:reg_file_instance|regs[9][16]  ; Stuck at GND due to stuck port clock_enable ;
; riscv_single:cpu|datapath:datapath_inst|regfile:reg_file_instance|regs[15][16] ; Stuck at GND due to stuck port clock_enable ;
; riscv_single:cpu|datapath:datapath_inst|regfile:reg_file_instance|regs[14][16] ; Stuck at GND due to stuck port clock_enable ;
; riscv_single:cpu|datapath:datapath_inst|regfile:reg_file_instance|regs[13][16] ; Stuck at GND due to stuck port clock_enable ;
; riscv_single:cpu|datapath:datapath_inst|regfile:reg_file_instance|regs[12][16] ; Stuck at GND due to stuck port clock_enable ;
; riscv_single:cpu|datapath:datapath_inst|regfile:reg_file_instance|regs[11][21] ; Stuck at GND due to stuck port clock_enable ;
; riscv_single:cpu|datapath:datapath_inst|regfile:reg_file_instance|regs[10][21] ; Stuck at GND due to stuck port clock_enable ;
; riscv_single:cpu|datapath:datapath_inst|regfile:reg_file_instance|regs[9][21]  ; Stuck at GND due to stuck port clock_enable ;
; riscv_single:cpu|datapath:datapath_inst|regfile:reg_file_instance|regs[15][21] ; Stuck at GND due to stuck port clock_enable ;
; riscv_single:cpu|datapath:datapath_inst|regfile:reg_file_instance|regs[14][21] ; Stuck at GND due to stuck port clock_enable ;
; riscv_single:cpu|datapath:datapath_inst|regfile:reg_file_instance|regs[13][21] ; Stuck at GND due to stuck port clock_enable ;
; riscv_single:cpu|datapath:datapath_inst|regfile:reg_file_instance|regs[12][21] ; Stuck at GND due to stuck port clock_enable ;
; riscv_single:cpu|datapath:datapath_inst|regfile:reg_file_instance|regs[11][20] ; Stuck at GND due to stuck port clock_enable ;
; riscv_single:cpu|datapath:datapath_inst|regfile:reg_file_instance|regs[10][20] ; Stuck at GND due to stuck port clock_enable ;
; riscv_single:cpu|datapath:datapath_inst|regfile:reg_file_instance|regs[9][20]  ; Stuck at GND due to stuck port clock_enable ;
; riscv_single:cpu|datapath:datapath_inst|regfile:reg_file_instance|regs[15][20] ; Stuck at GND due to stuck port clock_enable ;
; riscv_single:cpu|datapath:datapath_inst|regfile:reg_file_instance|regs[14][20] ; Stuck at GND due to stuck port clock_enable ;
; riscv_single:cpu|datapath:datapath_inst|regfile:reg_file_instance|regs[13][20] ; Stuck at GND due to stuck port clock_enable ;
; riscv_single:cpu|datapath:datapath_inst|regfile:reg_file_instance|regs[12][20] ; Stuck at GND due to stuck port clock_enable ;
; riscv_single:cpu|datapath:datapath_inst|regfile:reg_file_instance|regs[11][18] ; Stuck at GND due to stuck port clock_enable ;
; riscv_single:cpu|datapath:datapath_inst|regfile:reg_file_instance|regs[10][18] ; Stuck at GND due to stuck port clock_enable ;
; riscv_single:cpu|datapath:datapath_inst|regfile:reg_file_instance|regs[9][18]  ; Stuck at GND due to stuck port clock_enable ;
; riscv_single:cpu|datapath:datapath_inst|regfile:reg_file_instance|regs[15][18] ; Stuck at GND due to stuck port clock_enable ;
; riscv_single:cpu|datapath:datapath_inst|regfile:reg_file_instance|regs[14][18] ; Stuck at GND due to stuck port clock_enable ;
; riscv_single:cpu|datapath:datapath_inst|regfile:reg_file_instance|regs[13][18] ; Stuck at GND due to stuck port clock_enable ;
; riscv_single:cpu|datapath:datapath_inst|regfile:reg_file_instance|regs[12][18] ; Stuck at GND due to stuck port clock_enable ;
; riscv_single:cpu|datapath:datapath_inst|regfile:reg_file_instance|regs[11][19] ; Stuck at GND due to stuck port clock_enable ;
; riscv_single:cpu|datapath:datapath_inst|regfile:reg_file_instance|regs[10][19] ; Stuck at GND due to stuck port clock_enable ;
; riscv_single:cpu|datapath:datapath_inst|regfile:reg_file_instance|regs[9][19]  ; Stuck at GND due to stuck port clock_enable ;
; riscv_single:cpu|datapath:datapath_inst|regfile:reg_file_instance|regs[15][19] ; Stuck at GND due to stuck port clock_enable ;
; riscv_single:cpu|datapath:datapath_inst|regfile:reg_file_instance|regs[14][19] ; Stuck at GND due to stuck port clock_enable ;
; riscv_single:cpu|datapath:datapath_inst|regfile:reg_file_instance|regs[13][19] ; Stuck at GND due to stuck port clock_enable ;
; riscv_single:cpu|datapath:datapath_inst|regfile:reg_file_instance|regs[12][19] ; Stuck at GND due to stuck port clock_enable ;
; riscv_single:cpu|datapath:datapath_inst|regfile:reg_file_instance|regs[11][17] ; Stuck at GND due to stuck port clock_enable ;
; riscv_single:cpu|datapath:datapath_inst|regfile:reg_file_instance|regs[10][17] ; Stuck at GND due to stuck port clock_enable ;
; riscv_single:cpu|datapath:datapath_inst|regfile:reg_file_instance|regs[9][17]  ; Stuck at GND due to stuck port clock_enable ;
; riscv_single:cpu|datapath:datapath_inst|regfile:reg_file_instance|regs[15][17] ; Stuck at GND due to stuck port clock_enable ;
; riscv_single:cpu|datapath:datapath_inst|regfile:reg_file_instance|regs[14][17] ; Stuck at GND due to stuck port clock_enable ;
; riscv_single:cpu|datapath:datapath_inst|regfile:reg_file_instance|regs[13][17] ; Stuck at GND due to stuck port clock_enable ;
; riscv_single:cpu|datapath:datapath_inst|regfile:reg_file_instance|regs[12][17] ; Stuck at GND due to stuck port clock_enable ;
; riscv_single:cpu|datapath:datapath_inst|regfile:reg_file_instance|regs[11][15] ; Stuck at GND due to stuck port clock_enable ;
; riscv_single:cpu|datapath:datapath_inst|regfile:reg_file_instance|regs[10][15] ; Stuck at GND due to stuck port clock_enable ;
; riscv_single:cpu|datapath:datapath_inst|regfile:reg_file_instance|regs[9][15]  ; Stuck at GND due to stuck port clock_enable ;
; riscv_single:cpu|datapath:datapath_inst|regfile:reg_file_instance|regs[15][15] ; Stuck at GND due to stuck port clock_enable ;
; riscv_single:cpu|datapath:datapath_inst|regfile:reg_file_instance|regs[14][15] ; Stuck at GND due to stuck port clock_enable ;
; riscv_single:cpu|datapath:datapath_inst|regfile:reg_file_instance|regs[13][15] ; Stuck at GND due to stuck port clock_enable ;
; riscv_single:cpu|datapath:datapath_inst|regfile:reg_file_instance|regs[12][15] ; Stuck at GND due to stuck port clock_enable ;
; riscv_single:cpu|datapath:datapath_inst|regfile:reg_file_instance|regs[11][23] ; Stuck at GND due to stuck port clock_enable ;
; riscv_single:cpu|datapath:datapath_inst|regfile:reg_file_instance|regs[10][23] ; Stuck at GND due to stuck port clock_enable ;
; riscv_single:cpu|datapath:datapath_inst|regfile:reg_file_instance|regs[9][23]  ; Stuck at GND due to stuck port clock_enable ;
; riscv_single:cpu|datapath:datapath_inst|regfile:reg_file_instance|regs[15][23] ; Stuck at GND due to stuck port clock_enable ;
; riscv_single:cpu|datapath:datapath_inst|regfile:reg_file_instance|regs[14][23] ; Stuck at GND due to stuck port clock_enable ;
; riscv_single:cpu|datapath:datapath_inst|regfile:reg_file_instance|regs[13][23] ; Stuck at GND due to stuck port clock_enable ;
; riscv_single:cpu|datapath:datapath_inst|regfile:reg_file_instance|regs[12][23] ; Stuck at GND due to stuck port clock_enable ;
; riscv_single:cpu|datapath:datapath_inst|regfile:reg_file_instance|regs[11][22] ; Stuck at GND due to stuck port clock_enable ;
; riscv_single:cpu|datapath:datapath_inst|regfile:reg_file_instance|regs[10][22] ; Stuck at GND due to stuck port clock_enable ;
; riscv_single:cpu|datapath:datapath_inst|regfile:reg_file_instance|regs[9][22]  ; Stuck at GND due to stuck port clock_enable ;
; riscv_single:cpu|datapath:datapath_inst|regfile:reg_file_instance|regs[15][22] ; Stuck at GND due to stuck port clock_enable ;
; riscv_single:cpu|datapath:datapath_inst|regfile:reg_file_instance|regs[14][22] ; Stuck at GND due to stuck port clock_enable ;
; riscv_single:cpu|datapath:datapath_inst|regfile:reg_file_instance|regs[13][22] ; Stuck at GND due to stuck port clock_enable ;
; riscv_single:cpu|datapath:datapath_inst|regfile:reg_file_instance|regs[12][22] ; Stuck at GND due to stuck port clock_enable ;
; Total Number of Removed Registers = 768                                        ;                                             ;
+--------------------------------------------------------------------------------+---------------------------------------------+


+-------------------------------------------------------------------------------------------------------------------------------------------------------------------------------------------------+
; Removed Registers Triggering Further Register Optimizations                                                                                                                                     ;
+-------------------------------------------------------------------------------+--------------------------------+--------------------------------------------------------------------------------+
; Register name                                                                 ; Reason for Removal             ; Registers Removed due to This Register                                         ;
+-------------------------------------------------------------------------------+--------------------------------+--------------------------------------------------------------------------------+
; riscv_single:cpu|datapath:datapath_inst|regfile:reg_file_instance|regs[24][1] ; Stuck at GND                   ; riscv_single:cpu|datapath:datapath_inst|regfile:reg_file_instance|regs[16][0], ;
;                                                                               ; due to stuck port clock_enable ; riscv_single:cpu|datapath:datapath_inst|regfile:reg_file_instance|regs[17][0], ;
;                                                                               ;                                ; riscv_single:cpu|datapath:datapath_inst|regfile:reg_file_instance|regs[18][0], ;
;                                                                               ;                                ; riscv_single:cpu|datapath:datapath_inst|regfile:reg_file_instance|regs[19][0], ;
;                                                                               ;                                ; riscv_single:cpu|datapath:datapath_inst|regfile:reg_file_instance|regs[20][0], ;
;                                                                               ;                                ; riscv_single:cpu|datapath:datapath_inst|regfile:reg_file_instance|regs[21][0], ;
;                                                                               ;                                ; riscv_single:cpu|datapath:datapath_inst|regfile:reg_file_instance|regs[22][0], ;
;                                                                               ;                                ; riscv_single:cpu|datapath:datapath_inst|regfile:reg_file_instance|regs[23][0], ;
;                                                                               ;                                ; riscv_single:cpu|datapath:datapath_inst|regfile:reg_file_instance|regs[0][0],  ;
;                                                                               ;                                ; riscv_single:cpu|datapath:datapath_inst|regfile:reg_file_instance|regs[11][0], ;
;                                                                               ;                                ; riscv_single:cpu|datapath:datapath_inst|regfile:reg_file_instance|regs[10][0], ;
;                                                                               ;                                ; riscv_single:cpu|datapath:datapath_inst|regfile:reg_file_instance|regs[9][0],  ;
;                                                                               ;                                ; riscv_single:cpu|datapath:datapath_inst|regfile:reg_file_instance|regs[15][0], ;
;                                                                               ;                                ; riscv_single:cpu|datapath:datapath_inst|regfile:reg_file_instance|regs[14][0], ;
;                                                                               ;                                ; riscv_single:cpu|datapath:datapath_inst|regfile:reg_file_instance|regs[13][0], ;
;                                                                               ;                                ; riscv_single:cpu|datapath:datapath_inst|regfile:reg_file_instance|regs[12][0]  ;
+-------------------------------------------------------------------------------+--------------------------------+--------------------------------------------------------------------------------+


+------------------------------------------------------+
; General Register Statistics                          ;
+----------------------------------------------+-------+
; Statistic                                    ; Value ;
+----------------------------------------------+-------+
; Total registers                              ; 2337  ;
; Number of registers using Synchronous Clear  ; 0     ;
; Number of registers using Synchronous Load   ; 30    ;
; Number of registers using Asynchronous Clear ; 32    ;
; Number of registers using Asynchronous Load  ; 0     ;
; Number of registers using Clock Enable       ; 2336  ;
; Number of registers using Preset             ; 0     ;
+----------------------------------------------+-------+


+--------------------------------------------------+
; Inverted Register Statistics                     ;
+----------------------------------------+---------+
; Inverted Register                      ; Fan out ;
+----------------------------------------+---------+
; key1_d                                 ; 66      ;
; Total number of inverted registers = 1 ;         ;
+----------------------------------------+---------+


+----------------------------------------------------------------------------------------------------------------------------------------------------------------------------------------------------+
; Multiplexer Restructuring Statistics (Restructuring Performed)                                                                                                                                     ;
+--------------------+-----------+---------------+----------------------+------------------------+------------+--------------------------------------------------------------------------------------+
; Multiplexer Inputs ; Bus Width ; Baseline Area ; Area if Restructured ; Saving if Restructured ; Registered ; Example Multiplexer Output                                                           ;
+--------------------+-----------+---------------+----------------------+------------------------+------------+--------------------------------------------------------------------------------------+
; 4:1                ; 3 bits    ; 6 LEs         ; 3 LEs                ; 3 LEs                  ; No         ; |top|riscv_single:cpu|datapath:datapath_inst|extend_unit:extend_instance|Mux12       ;
; 3:1                ; 32 bits   ; 64 LEs        ; 64 LEs               ; 0 LEs                  ; No         ; |top|riscv_single:cpu|datapath:datapath_inst|mux3:result_mux|y[26]                   ;
; 8:1                ; 31 bits   ; 155 LEs       ; 62 LEs               ; 93 LEs                 ; No         ; |top|riscv_single:cpu|datapath:datapath_inst|alu:alu_instance|Mux27                  ;
; 17:1               ; 32 bits   ; 352 LEs       ; 192 LEs              ; 160 LEs                ; No         ; |top|riscv_single:cpu|datapath:datapath_inst|regfile:reg_file_instance|read_data1[7] ;
; 33:1               ; 32 bits   ; 704 LEs       ; 384 LEs              ; 320 LEs                ; No         ; |top|riscv_single:cpu|datapath:datapath_inst|regfile:reg_file_instance|read_data2[0] ;
; 36:1               ; 3 bits    ; 72 LEs        ; 42 LEs               ; 30 LEs                 ; No         ; |top|Mux20                                                                           ;
; 36:1               ; 29 bits   ; 696 LEs       ; 406 LEs              ; 290 LEs                ; No         ; |top|Mux22                                                                           ;
+--------------------+-----------+---------------+----------------------+------------------------+------------+--------------------------------------------------------------------------------------+


+---------------------------------------------------------------------------------------------------+
; Parameter Settings for User Entity Instance: riscv_single:cpu|datapath:datapath_inst|dff_r:pc_reg ;
+----------------+-------+--------------------------------------------------------------------------+
; Parameter Name ; Value ; Type                                                                     ;
+----------------+-------+--------------------------------------------------------------------------+
; width          ; 32    ; Signed Integer                                                           ;
+----------------+-------+--------------------------------------------------------------------------+
Note: In order to hide this table in the UI and the text report file, please set the "Show Parameter Settings in Synthesis Report" option in "Analysis and Synthesis Settings -> More Settings" to "Off".


+--------------------------------------------------------------------------------------------------+
; Parameter Settings for User Entity Instance: riscv_single:cpu|datapath:datapath_inst|mux2:pc_mux ;
+----------------+-------+-------------------------------------------------------------------------+
; Parameter Name ; Value ; Type                                                                    ;
+----------------+-------+-------------------------------------------------------------------------+
; width          ; 32    ; Signed Integer                                                          ;
+----------------+-------+-------------------------------------------------------------------------+
Note: In order to hide this table in the UI and the text report file, please set the "Show Parameter Settings in Synthesis Report" option in "Analysis and Synthesis Settings -> More Settings" to "Off".


+-------------------------------------------------------------------------------------------------------+
; Parameter Settings for User Entity Instance: riscv_single:cpu|datapath:datapath_inst|mux2:alu_src_mux ;
+----------------+-------+------------------------------------------------------------------------------+
; Parameter Name ; Value ; Type                                                                         ;
+----------------+-------+------------------------------------------------------------------------------+
; width          ; 32    ; Signed Integer                                                               ;
+----------------+-------+------------------------------------------------------------------------------+
Note: In order to hide this table in the UI and the text report file, please set the "Show Parameter Settings in Synthesis Report" option in "Analysis and Synthesis Settings -> More Settings" to "Off".


+------------------------------------------------------------------------------------------------------+
; Parameter Settings for User Entity Instance: riscv_single:cpu|datapath:datapath_inst|mux3:result_mux ;
+----------------+-------+-----------------------------------------------------------------------------+
; Parameter Name ; Value ; Type                                                                        ;
+----------------+-------+-----------------------------------------------------------------------------+
; width          ; 32    ; Signed Integer                                                              ;
+----------------+-------+-----------------------------------------------------------------------------+
Note: In order to hide this table in the UI and the text report file, please set the "Show Parameter Settings in Synthesis Report" option in "Analysis and Synthesis Settings -> More Settings" to "Off".


+------------------------------------------------------------------------------------------+
; Port Connectivity Checks: "riscv_single:cpu|datapath:datapath_inst|adder:pc_plus4_adder" ;
+----------+-------+----------+------------------------------------------------------------+
; Port     ; Type  ; Severity ; Details                                                    ;
+----------+-------+----------+------------------------------------------------------------+
; b[31..3] ; Input ; Info     ; Stuck at GND                                               ;
; b[1..0]  ; Input ; Info     ; Stuck at GND                                               ;
; b[2]     ; Input ; Info     ; Stuck at VCC                                               ;
+----------+-------+----------+------------------------------------------------------------+


+-----------------------------------------------------+
; Post-Synthesis Netlist Statistics for Top Partition ;
+-----------------------+-----------------------------+
; Type                  ; Count                       ;
+-----------------------+-----------------------------+
; arriav_ff             ; 2337                        ;
;     ENA               ; 2304                        ;
;     ENA CLR           ; 2                           ;
;     ENA CLR SLD       ; 30                          ;
;     plain             ; 1                           ;
; arriav_lcell_comb     ; 1675                        ;
;     arith             ; 95                          ;
;         1 data inputs ; 30                          ;
;         3 data inputs ; 3                           ;
;         4 data inputs ; 26                          ;
;         5 data inputs ; 36                          ;
;     extend            ; 11                          ;
;         7 data inputs ; 11                          ;
;     normal            ; 1569                        ;
;         1 data inputs ; 3                           ;
;         2 data inputs ; 37                          ;
;         3 data inputs ; 111                         ;
;         4 data inputs ; 137                         ;
;         5 data inputs ; 220                         ;
;         6 data inputs ; 1061                        ;
; boundary_port         ; 67                          ;
;                       ;                             ;
; Max LUT depth         ; 10.70                       ;
; Average LUT depth     ; 6.38                        ;
+-----------------------+-----------------------------+


+-------------------------------+
; Elapsed Time Per Partition    ;
+----------------+--------------+
; Partition Name ; Elapsed Time ;
+----------------+--------------+
; Top            ; 00:00:04     ;
+----------------+--------------+


+-------------------------------+
; Analysis & Synthesis Messages ;
+-------------------------------+
Info: *******************************************************************
Info: Running Quartus Prime Analysis & Synthesis
    Info: Version 20.1.1 Build 720 11/11/2020 SJ Lite Edition
    Info: Processing started: Mon Apr 06 16:44:12 2026
Info: Command: quartus_map --read_settings_files=on --write_settings_files=off top -c top
Warning (18236): Number of processors has not been specified which may cause overloading on shared machines.  Set the global assignment NUM_PARALLEL_PROCESSORS in your QSF to an appropriate value for best performance.
Info (20030): Parallel compilation is enabled and will use 12 of the 12 processors detected
Info (12021): Found 2 design units, including 1 entities, in source file /users/rhysf/testing/rv32i-single-cycle/rtl/top.vhd
    Info (12022): Found design unit 1: top-structural File: C:/Users/rhysf/testing/rv32i-single-cycle/rtl/top.vhd Line: 34
    Info (12023): Found entity 1: top File: C:/Users/rhysf/testing/rv32i-single-cycle/rtl/top.vhd Line: 4
Info (12021): Found 2 design units, including 1 entities, in source file /users/rhysf/testing/rv32i-single-cycle/rtl/seven_seg_decoder.vhd
    Info (12022): Found design unit 1: seven_seg_decoder-rtl File: C:/Users/rhysf/testing/rv32i-single-cycle/rtl/seven_seg_decoder.vhd Line: 11
    Info (12023): Found entity 1: seven_seg_decoder File: C:/Users/rhysf/testing/rv32i-single-cycle/rtl/seven_seg_decoder.vhd Line: 4
Info (12021): Found 2 design units, including 1 entities, in source file /users/rhysf/testing/rv32i-single-cycle/rtl/riscv_single.vhd
    Info (12022): Found design unit 1: riscv_single-structural File: C:/Users/rhysf/testing/rv32i-single-cycle/rtl/riscv_single.vhd Line: 20
    Info (12023): Found entity 1: riscv_single File: C:/Users/rhysf/testing/rv32i-single-cycle/rtl/riscv_single.vhd Line: 4
Info (12021): Found 2 design units, including 1 entities, in source file /users/rhysf/testing/rv32i-single-cycle/rtl/regfile.vhd
    Info (12022): Found design unit 1: regfile-rtl File: C:/Users/rhysf/testing/rv32i-single-cycle/rtl/regfile.vhd Line: 20
    Info (12023): Found entity 1: regfile File: C:/Users/rhysf/testing/rv32i-single-cycle/rtl/regfile.vhd Line: 5
Info (12021): Found 2 design units, including 1 entities, in source file /users/rhysf/testing/rv32i-single-cycle/rtl/mux3.vhd
    Info (12022): Found design unit 1: mux3-rtl File: C:/Users/rhysf/testing/rv32i-single-cycle/rtl/mux3.vhd Line: 17
    Info (12023): Found entity 1: mux3 File: C:/Users/rhysf/testing/rv32i-single-cycle/rtl/mux3.vhd Line: 4
Info (12021): Found 2 design units, including 1 entities, in source file /users/rhysf/testing/rv32i-single-cycle/rtl/mux2.vhd
    Info (12022): Found design unit 1: mux2-rtl File: C:/Users/rhysf/testing/rv32i-single-cycle/rtl/mux2.vhd Line: 16
    Info (12023): Found entity 1: mux2 File: C:/Users/rhysf/testing/rv32i-single-cycle/rtl/mux2.vhd Line: 4
Info (12021): Found 2 design units, including 1 entities, in source file /users/rhysf/testing/rv32i-single-cycle/rtl/main_decoder.vhd
    Info (12022): Found design unit 1: main_decoder-rtl File: C:/Users/rhysf/testing/rv32i-single-cycle/rtl/main_decoder.vhd Line: 18
    Info (12023): Found entity 1: main_decoder File: C:/Users/rhysf/testing/rv32i-single-cycle/rtl/main_decoder.vhd Line: 4
Info (12021): Found 2 design units, including 1 entities, in source file /users/rhysf/testing/rv32i-single-cycle/rtl/imem.vhd
    Info (12022): Found design unit 1: imem-rtl File: C:/Users/rhysf/testing/rv32i-single-cycle/rtl/imem.vhd Line: 17
    Info (12023): Found entity 1: imem File: C:/Users/rhysf/testing/rv32i-single-cycle/rtl/imem.vhd Line: 10
Info (12021): Found 2 design units, including 1 entities, in source file /users/rhysf/testing/rv32i-single-cycle/rtl/extend_unit.vhd
    Info (12022): Found design unit 1: extend_unit-rtl File: C:/Users/rhysf/testing/rv32i-single-cycle/rtl/extend_unit.vhd Line: 12
    Info (12023): Found entity 1: extend_unit File: C:/Users/rhysf/testing/rv32i-single-cycle/rtl/extend_unit.vhd Line: 4
Info (12021): Found 2 design units, including 1 entities, in source file /users/rhysf/testing/rv32i-single-cycle/rtl/dmem.vhd
    Info (12022): Found design unit 1: dmem-rtl File: C:/Users/rhysf/testing/rv32i-single-cycle/rtl/dmem.vhd Line: 21
    Info (12023): Found entity 1: dmem File: C:/Users/rhysf/testing/rv32i-single-cycle/rtl/dmem.vhd Line: 11
Info (12021): Found 2 design units, including 1 entities, in source file /users/rhysf/testing/rv32i-single-cycle/rtl/dff_r.vhd
    Info (12022): Found design unit 1: dff_r-rtl File: C:/Users/rhysf/testing/rv32i-single-cycle/rtl/dff_r.vhd Line: 17
    Info (12023): Found entity 1: dff_r File: C:/Users/rhysf/testing/rv32i-single-cycle/rtl/dff_r.vhd Line: 5
Info (12021): Found 2 design units, including 1 entities, in source file /users/rhysf/testing/rv32i-single-cycle/rtl/datapath.vhd
    Info (12022): Found design unit 1: datapath-structural File: C:/Users/rhysf/testing/rv32i-single-cycle/rtl/datapath.vhd Line: 26
    Info (12023): Found entity 1: datapath File: C:/Users/rhysf/testing/rv32i-single-cycle/rtl/datapath.vhd Line: 4
Info (12021): Found 2 design units, including 1 entities, in source file /users/rhysf/testing/rv32i-single-cycle/rtl/control_unit.vhd
    Info (12022): Found design unit 1: control_unit-structural File: C:/Users/rhysf/testing/rv32i-single-cycle/rtl/control_unit.vhd Line: 20
    Info (12023): Found entity 1: control_unit File: C:/Users/rhysf/testing/rv32i-single-cycle/rtl/control_unit.vhd Line: 4
Info (12021): Found 2 design units, including 1 entities, in source file /users/rhysf/testing/rv32i-single-cycle/rtl/alu_decoder.vhd
    Info (12022): Found design unit 1: alu_decoder-rtl File: C:/Users/rhysf/testing/rv32i-single-cycle/rtl/alu_decoder.vhd Line: 14
    Info (12023): Found entity 1: alu_decoder File: C:/Users/rhysf/testing/rv32i-single-cycle/rtl/alu_decoder.vhd Line: 4
Info (12021): Found 2 design units, including 1 entities, in source file /users/rhysf/testing/rv32i-single-cycle/rtl/alu.vhd
    Info (12022): Found design unit 1: alu-rtl File: C:/Users/rhysf/testing/rv32i-single-cycle/rtl/alu.vhd Line: 15
    Info (12023): Found entity 1: alu File: C:/Users/rhysf/testing/rv32i-single-cycle/rtl/alu.vhd Line: 5
Info (12021): Found 2 design units, including 1 entities, in source file /users/rhysf/testing/rv32i-single-cycle/rtl/adder.vhd
    Info (12022): Found design unit 1: adder-rtl File: C:/Users/rhysf/testing/rv32i-single-cycle/rtl/adder.vhd Line: 13
    Info (12023): Found entity 1: adder File: C:/Users/rhysf/testing/rv32i-single-cycle/rtl/adder.vhd Line: 5
Info (12127): Elaborating entity "top" for the top level hierarchy
Info (12128): Elaborating entity "riscv_single" for hierarchy "riscv_single:cpu" File: C:/Users/rhysf/testing/rv32i-single-cycle/rtl/top.vhd Line: 106
Info (12128): Elaborating entity "control_unit" for hierarchy "riscv_single:cpu|control_unit:control_unit_inst" File: C:/Users/rhysf/testing/rv32i-single-cycle/rtl/riscv_single.vhd Line: 71
Info (12128): Elaborating entity "main_decoder" for hierarchy "riscv_single:cpu|control_unit:control_unit_inst|main_decoder:md" File: C:/Users/rhysf/testing/rv32i-single-cycle/rtl/control_unit.vhd Line: 53
Info (12128): Elaborating entity "alu_decoder" for hierarchy "riscv_single:cpu|control_unit:control_unit_inst|alu_decoder:ad" File: C:/Users/rhysf/testing/rv32i-single-cycle/rtl/control_unit.vhd Line: 65
Info (12128): Elaborating entity "datapath" for hierarchy "riscv_single:cpu|datapath:datapath_inst" File: C:/Users/rhysf/testing/rv32i-single-cycle/rtl/riscv_single.vhd Line: 88
Info (12128): Elaborating entity "dff_r" for hierarchy "riscv_single:cpu|datapath:datapath_inst|dff_r:pc_reg" File: C:/Users/rhysf/testing/rv32i-single-cycle/rtl/datapath.vhd Line: 122
Info (12128): Elaborating entity "adder" for hierarchy "riscv_single:cpu|datapath:datapath_inst|adder:pc_plus4_adder" File: C:/Users/rhysf/testing/rv32i-single-cycle/rtl/datapath.vhd Line: 133
Info (12128): Elaborating entity "mux2" for hierarchy "riscv_single:cpu|datapath:datapath_inst|mux2:pc_mux" File: C:/Users/rhysf/testing/rv32i-single-cycle/rtl/datapath.vhd Line: 147
Info (12128): Elaborating entity "regfile" for hierarchy "riscv_single:cpu|datapath:datapath_inst|regfile:reg_file_instance" File: C:/Users/rhysf/testing/rv32i-single-cycle/rtl/datapath.vhd Line: 158
Info (12128): Elaborating entity "extend_unit" for hierarchy "riscv_single:cpu|datapath:datapath_inst|extend_unit:extend_instance" File: C:/Users/rhysf/testing/rv32i-single-cycle/rtl/datapath.vhd Line: 172
Info (12128): Elaborating entity "alu" for hierarchy "riscv_single:cpu|datapath:datapath_inst|alu:alu_instance" File: C:/Users/rhysf/testing/rv32i-single-cycle/rtl/datapath.vhd Line: 190
Info (12128): Elaborating entity "mux3" for hierarchy "riscv_single:cpu|datapath:datapath_inst|mux3:result_mux" File: C:/Users/rhysf/testing/rv32i-single-cycle/rtl/datapath.vhd Line: 199
Warning (10631): VHDL Process Statement warning at mux3.vhd(19): inferring latch(es) for signal or variable "y", which holds its previous value in one or more paths through the process File: C:/Users/rhysf/testing/rv32i-single-cycle/rtl/mux3.vhd Line: 19
Info (10041): Inferred latch for "y[0]" at mux3.vhd(19) File: C:/Users/rhysf/testing/rv32i-single-cycle/rtl/mux3.vhd Line: 19
Info (10041): Inferred latch for "y[1]" at mux3.vhd(19) File: C:/Users/rhysf/testing/rv32i-single-cycle/rtl/mux3.vhd Line: 19
Info (10041): Inferred latch for "y[2]" at mux3.vhd(19) File: C:/Users/rhysf/testing/rv32i-single-cycle/rtl/mux3.vhd Line: 19
Info (10041): Inferred latch for "y[3]" at mux3.vhd(19) File: C:/Users/rhysf/testing/rv32i-single-cycle/rtl/mux3.vhd Line: 19
Info (10041): Inferred latch for "y[4]" at mux3.vhd(19) File: C:/Users/rhysf/testing/rv32i-single-cycle/rtl/mux3.vhd Line: 19
Info (10041): Inferred latch for "y[5]" at mux3.vhd(19) File: C:/Users/rhysf/testing/rv32i-single-cycle/rtl/mux3.vhd Line: 19
Info (10041): Inferred latch for "y[6]" at mux3.vhd(19) File: C:/Users/rhysf/testing/rv32i-single-cycle/rtl/mux3.vhd Line: 19
Info (10041): Inferred latch for "y[7]" at mux3.vhd(19) File: C:/Users/rhysf/testing/rv32i-single-cycle/rtl/mux3.vhd Line: 19
Info (10041): Inferred latch for "y[8]" at mux3.vhd(19) File: C:/Users/rhysf/testing/rv32i-single-cycle/rtl/mux3.vhd Line: 19
Info (10041): Inferred latch for "y[9]" at mux3.vhd(19) File: C:/Users/rhysf/testing/rv32i-single-cycle/rtl/mux3.vhd Line: 19
Info (10041): Inferred latch for "y[10]" at mux3.vhd(19) File: C:/Users/rhysf/testing/rv32i-single-cycle/rtl/mux3.vhd Line: 19
Info (10041): Inferred latch for "y[11]" at mux3.vhd(19) File: C:/Users/rhysf/testing/rv32i-single-cycle/rtl/mux3.vhd Line: 19
Info (10041): Inferred latch for "y[12]" at mux3.vhd(19) File: C:/Users/rhysf/testing/rv32i-single-cycle/rtl/mux3.vhd Line: 19
Info (10041): Inferred latch for "y[13]" at mux3.vhd(19) File: C:/Users/rhysf/testing/rv32i-single-cycle/rtl/mux3.vhd Line: 19
Info (10041): Inferred latch for "y[14]" at mux3.vhd(19) File: C:/Users/rhysf/testing/rv32i-single-cycle/rtl/mux3.vhd Line: 19
Info (10041): Inferred latch for "y[15]" at mux3.vhd(19) File: C:/Users/rhysf/testing/rv32i-single-cycle/rtl/mux3.vhd Line: 19
Info (10041): Inferred latch for "y[16]" at mux3.vhd(19) File: C:/Users/rhysf/testing/rv32i-single-cycle/rtl/mux3.vhd Line: 19
Info (10041): Inferred latch for "y[17]" at mux3.vhd(19) File: C:/Users/rhysf/testing/rv32i-single-cycle/rtl/mux3.vhd Line: 19
Info (10041): Inferred latch for "y[18]" at mux3.vhd(19) File: C:/Users/rhysf/testing/rv32i-single-cycle/rtl/mux3.vhd Line: 19
Info (10041): Inferred latch for "y[19]" at mux3.vhd(19) File: C:/Users/rhysf/testing/rv32i-single-cycle/rtl/mux3.vhd Line: 19
Info (10041): Inferred latch for "y[20]" at mux3.vhd(19) File: C:/Users/rhysf/testing/rv32i-single-cycle/rtl/mux3.vhd Line: 19
Info (10041): Inferred latch for "y[21]" at mux3.vhd(19) File: C:/Users/rhysf/testing/rv32i-single-cycle/rtl/mux3.vhd Line: 19
Info (10041): Inferred latch for "y[22]" at mux3.vhd(19) File: C:/Users/rhysf/testing/rv32i-single-cycle/rtl/mux3.vhd Line: 19
Info (10041): Inferred latch for "y[23]" at mux3.vhd(19) File: C:/Users/rhysf/testing/rv32i-single-cycle/rtl/mux3.vhd Line: 19
Info (10041): Inferred latch for "y[24]" at mux3.vhd(19) File: C:/Users/rhysf/testing/rv32i-single-cycle/rtl/mux3.vhd Line: 19
Info (10041): Inferred latch for "y[25]" at mux3.vhd(19) File: C:/Users/rhysf/testing/rv32i-single-cycle/rtl/mux3.vhd Line: 19
Info (10041): Inferred latch for "y[26]" at mux3.vhd(19) File: C:/Users/rhysf/testing/rv32i-single-cycle/rtl/mux3.vhd Line: 19
Info (10041): Inferred latch for "y[27]" at mux3.vhd(19) File: C:/Users/rhysf/testing/rv32i-single-cycle/rtl/mux3.vhd Line: 19
Info (10041): Inferred latch for "y[28]" at mux3.vhd(19) File: C:/Users/rhysf/testing/rv32i-single-cycle/rtl/mux3.vhd Line: 19
Info (10041): Inferred latch for "y[29]" at mux3.vhd(19) File: C:/Users/rhysf/testing/rv32i-single-cycle/rtl/mux3.vhd Line: 19
Info (10041): Inferred latch for "y[30]" at mux3.vhd(19) File: C:/Users/rhysf/testing/rv32i-single-cycle/rtl/mux3.vhd Line: 19
Info (10041): Inferred latch for "y[31]" at mux3.vhd(19) File: C:/Users/rhysf/testing/rv32i-single-cycle/rtl/mux3.vhd Line: 19
Info (12128): Elaborating entity "imem" for hierarchy "imem:instruction_mem" File: C:/Users/rhysf/testing/rv32i-single-cycle/rtl/top.vhd Line: 121
Warning (10541): VHDL Signal Declaration warning at imem.vhd(20): used implicit default value for signal "memory" because signal was never assigned a value or an explicit default value. Use of implicit default value may introduce unintended design optimizations. File: C:/Users/rhysf/testing/rv32i-single-cycle/rtl/imem.vhd Line: 20
Warning (10492): VHDL Process Statement warning at imem.vhd(29): signal "memory" is read inside the Process Statement but isn't in the Process Statement's sensitivity list File: C:/Users/rhysf/testing/rv32i-single-cycle/rtl/imem.vhd Line: 29
Info (12128): Elaborating entity "dmem" for hierarchy "dmem:data_mem" File: C:/Users/rhysf/testing/rv32i-single-cycle/rtl/top.vhd Line: 127
Info (12128): Elaborating entity "seven_seg_decoder" for hierarchy "seven_seg_decoder:seg0" File: C:/Users/rhysf/testing/rv32i-single-cycle/rtl/top.vhd Line: 148
Info (276014): Found 2 instances of uninferred RAM logic
    Info (276006): RAM logic "dmem:data_mem|mem" is uninferred due to "logic" being set as ramstyle synthesis attribute File: C:/Users/rhysf/testing/rv32i-single-cycle/rtl/dmem.vhd Line: 24
    Info (276004): RAM logic "imem:instruction_mem|memory" is uninferred due to inappropriate RAM size File: C:/Users/rhysf/testing/rv32i-single-cycle/rtl/imem.vhd Line: 20
Warning (13012): Latch riscv_single:cpu|datapath:datapath_inst|mux3:result_mux|y[24] has unsafe behavior File: C:/Users/rhysf/testing/rv32i-single-cycle/rtl/mux3.vhd Line: 19
    Warning (13013): Ports D and ENA on the latch are fed by the same signal riscv_single:cpu|datapath:datapath_inst|dff_r:pc_reg|q[7] File: C:/Users/rhysf/testing/rv32i-single-cycle/rtl/dff_r.vhd Line: 21
Warning (13012): Latch riscv_single:cpu|datapath:datapath_inst|mux3:result_mux|y[25] has unsafe behavior File: C:/Users/rhysf/testing/rv32i-single-cycle/rtl/mux3.vhd Line: 19
    Warning (13013): Ports D and ENA on the latch are fed by the same signal riscv_single:cpu|datapath:datapath_inst|dff_r:pc_reg|q[7] File: C:/Users/rhysf/testing/rv32i-single-cycle/rtl/dff_r.vhd Line: 21
Warning (13012): Latch riscv_single:cpu|datapath:datapath_inst|mux3:result_mux|y[26] has unsafe behavior File: C:/Users/rhysf/testing/rv32i-single-cycle/rtl/mux3.vhd Line: 19
    Warning (13013): Ports D and ENA on the latch are fed by the same signal riscv_single:cpu|datapath:datapath_inst|dff_r:pc_reg|q[7] File: C:/Users/rhysf/testing/rv32i-single-cycle/rtl/dff_r.vhd Line: 21
Warning (13012): Latch riscv_single:cpu|datapath:datapath_inst|mux3:result_mux|y[27] has unsafe behavior File: C:/Users/rhysf/testing/rv32i-single-cycle/rtl/mux3.vhd Line: 19
    Warning (13013): Ports D and ENA on the latch are fed by the same signal riscv_single:cpu|datapath:datapath_inst|dff_r:pc_reg|q[7] File: C:/Users/rhysf/testing/rv32i-single-cycle/rtl/dff_r.vhd Line: 21
Warning (13012): Latch riscv_single:cpu|datapath:datapath_inst|mux3:result_mux|y[28] has unsafe behavior File: C:/Users/rhysf/testing/rv32i-single-cycle/rtl/mux3.vhd Line: 19
    Warning (13013): Ports D and ENA on the latch are fed by the same signal riscv_single:cpu|datapath:datapath_inst|dff_r:pc_reg|q[7] File: C:/Users/rhysf/testing/rv32i-single-cycle/rtl/dff_r.vhd Line: 21
Warning (13012): Latch riscv_single:cpu|datapath:datapath_inst|mux3:result_mux|y[29] has unsafe behavior File: C:/Users/rhysf/testing/rv32i-single-cycle/rtl/mux3.vhd Line: 19
    Warning (13013): Ports D and ENA on the latch are fed by the same signal riscv_single:cpu|datapath:datapath_inst|dff_r:pc_reg|q[7] File: C:/Users/rhysf/testing/rv32i-single-cycle/rtl/dff_r.vhd Line: 21
Warning (13012): Latch riscv_single:cpu|datapath:datapath_inst|mux3:result_mux|y[30] has unsafe behavior File: C:/Users/rhysf/testing/rv32i-single-cycle/rtl/mux3.vhd Line: 19
    Warning (13013): Ports D and ENA on the latch are fed by the same signal riscv_single:cpu|datapath:datapath_inst|dff_r:pc_reg|q[7] File: C:/Users/rhysf/testing/rv32i-single-cycle/rtl/dff_r.vhd Line: 21
Warning (13012): Latch riscv_single:cpu|datapath:datapath_inst|mux3:result_mux|y[31] has unsafe behavior File: C:/Users/rhysf/testing/rv32i-single-cycle/rtl/mux3.vhd Line: 19
    Warning (13013): Ports D and ENA on the latch are fed by the same signal riscv_single:cpu|datapath:datapath_inst|dff_r:pc_reg|q[7] File: C:/Users/rhysf/testing/rv32i-single-cycle/rtl/dff_r.vhd Line: 21
Warning (13012): Latch riscv_single:cpu|datapath:datapath_inst|mux3:result_mux|y[3] has unsafe behavior File: C:/Users/rhysf/testing/rv32i-single-cycle/rtl/mux3.vhd Line: 19
    Warning (13013): Ports D and ENA on the latch are fed by the same signal riscv_single:cpu|datapath:datapath_inst|dff_r:pc_reg|q[7] File: C:/Users/rhysf/testing/rv32i-single-cycle/rtl/dff_r.vhd Line: 21
Warning (13012): Latch riscv_single:cpu|datapath:datapath_inst|mux3:result_mux|y[1] has unsafe behavior File: C:/Users/rhysf/testing/rv32i-single-cycle/rtl/mux3.vhd Line: 19
    Warning (13013): Ports D and ENA on the latch are fed by the same signal riscv_single:cpu|datapath:datapath_inst|dff_r:pc_reg|q[7] File: C:/Users/rhysf/testing/rv32i-single-cycle/rtl/dff_r.vhd Line: 21
Warning (13012): Latch riscv_single:cpu|datapath:datapath_inst|mux3:result_mux|y[2] has unsafe behavior File: C:/Users/rhysf/testing/rv32i-single-cycle/rtl/mux3.vhd Line: 19
    Warning (13013): Ports D and ENA on the latch are fed by the same signal riscv_single:cpu|datapath:datapath_inst|dff_r:pc_reg|q[7] File: C:/Users/rhysf/testing/rv32i-single-cycle/rtl/dff_r.vhd Line: 21
Warning (13012): Latch riscv_single:cpu|datapath:datapath_inst|mux3:result_mux|y[0] has unsafe behavior File: C:/Users/rhysf/testing/rv32i-single-cycle/rtl/mux3.vhd Line: 19
    Warning (13013): Ports D and ENA on the latch are fed by the same signal riscv_single:cpu|datapath:datapath_inst|dff_r:pc_reg|q[7] File: C:/Users/rhysf/testing/rv32i-single-cycle/rtl/dff_r.vhd Line: 21
Warning (13012): Latch riscv_single:cpu|datapath:datapath_inst|mux3:result_mux|y[23] has unsafe behavior File: C:/Users/rhysf/testing/rv32i-single-cycle/rtl/mux3.vhd Line: 19
    Warning (13013): Ports D and ENA on the latch are fed by the same signal riscv_single:cpu|datapath:datapath_inst|dff_r:pc_reg|q[7] File: C:/Users/rhysf/testing/rv32i-single-cycle/rtl/dff_r.vhd Line: 21
Warning (13012): Latch riscv_single:cpu|datapath:datapath_inst|mux3:result_mux|y[22] has unsafe behavior File: C:/Users/rhysf/testing/rv32i-single-cycle/rtl/mux3.vhd Line: 19
    Warning (13013): Ports D and ENA on the latch are fed by the same signal riscv_single:cpu|datapath:datapath_inst|dff_r:pc_reg|q[7] File: C:/Users/rhysf/testing/rv32i-single-cycle/rtl/dff_r.vhd Line: 21
Warning (13012): Latch riscv_single:cpu|datapath:datapath_inst|mux3:result_mux|y[21] has unsafe behavior File: C:/Users/rhysf/testing/rv32i-single-cycle/rtl/mux3.vhd Line: 19
    Warning (13013): Ports D and ENA on the latch are fed by the same signal riscv_single:cpu|datapath:datapath_inst|dff_r:pc_reg|q[7] File: C:/Users/rhysf/testing/rv32i-single-cycle/rtl/dff_r.vhd Line: 21
Warning (13012): Latch riscv_single:cpu|datapath:datapath_inst|mux3:result_mux|y[20] has unsafe behavior File: C:/Users/rhysf/testing/rv32i-single-cycle/rtl/mux3.vhd Line: 19
    Warning (13013): Ports D and ENA on the latch are fed by the same signal riscv_single:cpu|datapath:datapath_inst|dff_r:pc_reg|q[7] File: C:/Users/rhysf/testing/rv32i-single-cycle/rtl/dff_r.vhd Line: 21
Warning (13012): Latch riscv_single:cpu|datapath:datapath_inst|mux3:result_mux|y[19] has unsafe behavior File: C:/Users/rhysf/testing/rv32i-single-cycle/rtl/mux3.vhd Line: 19
    Warning (13013): Ports D and ENA on the latch are fed by the same signal riscv_single:cpu|datapath:datapath_inst|dff_r:pc_reg|q[7] File: C:/Users/rhysf/testing/rv32i-single-cycle/rtl/dff_r.vhd Line: 21
Warning (13012): Latch riscv_single:cpu|datapath:datapath_inst|mux3:result_mux|y[18] has unsafe behavior File: C:/Users/rhysf/testing/rv32i-single-cycle/rtl/mux3.vhd Line: 19
    Warning (13013): Ports D and ENA on the latch are fed by the same signal riscv_single:cpu|datapath:datapath_inst|dff_r:pc_reg|q[7] File: C:/Users/rhysf/testing/rv32i-single-cycle/rtl/dff_r.vhd Line: 21
Warning (13012): Latch riscv_single:cpu|datapath:datapath_inst|mux3:result_mux|y[17] has unsafe behavior File: C:/Users/rhysf/testing/rv32i-single-cycle/rtl/mux3.vhd Line: 19
    Warning (13013): Ports D and ENA on the latch are fed by the same signal riscv_single:cpu|datapath:datapath_inst|dff_r:pc_reg|q[7] File: C:/Users/rhysf/testing/rv32i-single-cycle/rtl/dff_r.vhd Line: 21
Warning (13012): Latch riscv_single:cpu|datapath:datapath_inst|mux3:result_mux|y[16] has unsafe behavior File: C:/Users/rhysf/testing/rv32i-single-cycle/rtl/mux3.vhd Line: 19
    Warning (13013): Ports D and ENA on the latch are fed by the same signal riscv_single:cpu|datapath:datapath_inst|dff_r:pc_reg|q[7] File: C:/Users/rhysf/testing/rv32i-single-cycle/rtl/dff_r.vhd Line: 21
Warning (13012): Latch riscv_single:cpu|datapath:datapath_inst|mux3:result_mux|y[15] has unsafe behavior File: C:/Users/rhysf/testing/rv32i-single-cycle/rtl/mux3.vhd Line: 19
    Warning (13013): Ports D and ENA on the latch are fed by the same signal riscv_single:cpu|datapath:datapath_inst|dff_r:pc_reg|q[7] File: C:/Users/rhysf/testing/rv32i-single-cycle/rtl/dff_r.vhd Line: 21
Warning (13012): Latch riscv_single:cpu|datapath:datapath_inst|mux3:result_mux|y[14] has unsafe behavior File: C:/Users/rhysf/testing/rv32i-single-cycle/rtl/mux3.vhd Line: 19
    Warning (13013): Ports D and ENA on the latch are fed by the same signal riscv_single:cpu|datapath:datapath_inst|dff_r:pc_reg|q[7] File: C:/Users/rhysf/testing/rv32i-single-cycle/rtl/dff_r.vhd Line: 21
Warning (13012): Latch riscv_single:cpu|datapath:datapath_inst|mux3:result_mux|y[13] has unsafe behavior File: C:/Users/rhysf/testing/rv32i-single-cycle/rtl/mux3.vhd Line: 19
    Warning (13013): Ports D and ENA on the latch are fed by the same signal riscv_single:cpu|datapath:datapath_inst|dff_r:pc_reg|q[7] File: C:/Users/rhysf/testing/rv32i-single-cycle/rtl/dff_r.vhd Line: 21
Warning (13012): Latch riscv_single:cpu|datapath:datapath_inst|mux3:result_mux|y[12] has unsafe behavior File: C:/Users/rhysf/testing/rv32i-single-cycle/rtl/mux3.vhd Line: 19
    Warning (13013): Ports D and ENA on the latch are fed by the same signal riscv_single:cpu|datapath:datapath_inst|dff_r:pc_reg|q[7] File: C:/Users/rhysf/testing/rv32i-single-cycle/rtl/dff_r.vhd Line: 21
Warning (13012): Latch riscv_single:cpu|datapath:datapath_inst|mux3:result_mux|y[11] has unsafe behavior File: C:/Users/rhysf/testing/rv32i-single-cycle/rtl/mux3.vhd Line: 19
    Warning (13013): Ports D and ENA on the latch are fed by the same signal riscv_single:cpu|datapath:datapath_inst|dff_r:pc_reg|q[7] File: C:/Users/rhysf/testing/rv32i-single-cycle/rtl/dff_r.vhd Line: 21
Warning (13012): Latch riscv_single:cpu|datapath:datapath_inst|mux3:result_mux|y[10] has unsafe behavior File: C:/Users/rhysf/testing/rv32i-single-cycle/rtl/mux3.vhd Line: 19
    Warning (13013): Ports D and ENA on the latch are fed by the same signal riscv_single:cpu|datapath:datapath_inst|dff_r:pc_reg|q[7] File: C:/Users/rhysf/testing/rv32i-single-cycle/rtl/dff_r.vhd Line: 21
Warning (13012): Latch riscv_single:cpu|datapath:datapath_inst|mux3:result_mux|y[9] has unsafe behavior File: C:/Users/rhysf/testing/rv32i-single-cycle/rtl/mux3.vhd Line: 19
    Warning (13013): Ports D and ENA on the latch are fed by the same signal riscv_single:cpu|datapath:datapath_inst|dff_r:pc_reg|q[7] File: C:/Users/rhysf/testing/rv32i-single-cycle/rtl/dff_r.vhd Line: 21
Warning (13012): Latch riscv_single:cpu|datapath:datapath_inst|mux3:result_mux|y[8] has unsafe behavior File: C:/Users/rhysf/testing/rv32i-single-cycle/rtl/mux3.vhd Line: 19
    Warning (13013): Ports D and ENA on the latch are fed by the same signal riscv_single:cpu|datapath:datapath_inst|dff_r:pc_reg|q[7] File: C:/Users/rhysf/testing/rv32i-single-cycle/rtl/dff_r.vhd Line: 21
Warning (13012): Latch riscv_single:cpu|datapath:datapath_inst|mux3:result_mux|y[7] has unsafe behavior File: C:/Users/rhysf/testing/rv32i-single-cycle/rtl/mux3.vhd Line: 19
    Warning (13013): Ports D and ENA on the latch are fed by the same signal riscv_single:cpu|datapath:datapath_inst|dff_r:pc_reg|q[7] File: C:/Users/rhysf/testing/rv32i-single-cycle/rtl/dff_r.vhd Line: 21
Warning (13012): Latch riscv_single:cpu|datapath:datapath_inst|mux3:result_mux|y[6] has unsafe behavior File: C:/Users/rhysf/testing/rv32i-single-cycle/rtl/mux3.vhd Line: 19
    Warning (13013): Ports D and ENA on the latch are fed by the same signal riscv_single:cpu|datapath:datapath_inst|dff_r:pc_reg|q[7] File: C:/Users/rhysf/testing/rv32i-single-cycle/rtl/dff_r.vhd Line: 21
Warning (13012): Latch riscv_single:cpu|datapath:datapath_inst|mux3:result_mux|y[5] has unsafe behavior File: C:/Users/rhysf/testing/rv32i-single-cycle/rtl/mux3.vhd Line: 19
    Warning (13013): Ports D and ENA on the latch are fed by the same signal riscv_single:cpu|datapath:datapath_inst|dff_r:pc_reg|q[7] File: C:/Users/rhysf/testing/rv32i-single-cycle/rtl/dff_r.vhd Line: 21
Warning (13012): Latch riscv_single:cpu|datapath:datapath_inst|mux3:result_mux|y[4] has unsafe behavior File: C:/Users/rhysf/testing/rv32i-single-cycle/rtl/mux3.vhd Line: 19
    Warning (13013): Ports D and ENA on the latch are fed by the same signal riscv_single:cpu|datapath:datapath_inst|dff_r:pc_reg|q[7] File: C:/Users/rhysf/testing/rv32i-single-cycle/rtl/dff_r.vhd Line: 21
Warning (14026): LATCH primitive "riscv_single:cpu|datapath:datapath_inst|mux3:result_mux|y[24]" is permanently enabled File: C:/Users/rhysf/testing/rv32i-single-cycle/rtl/mux3.vhd Line: 19
Warning (14026): LATCH primitive "riscv_single:cpu|datapath:datapath_inst|mux3:result_mux|y[25]" is permanently enabled File: C:/Users/rhysf/testing/rv32i-single-cycle/rtl/mux3.vhd Line: 19
Warning (14026): LATCH primitive "riscv_single:cpu|datapath:datapath_inst|mux3:result_mux|y[26]" is permanently enabled File: C:/Users/rhysf/testing/rv32i-single-cycle/rtl/mux3.vhd Line: 19
Warning (14026): LATCH primitive "riscv_single:cpu|datapath:datapath_inst|mux3:result_mux|y[27]" is permanently enabled File: C:/Users/rhysf/testing/rv32i-single-cycle/rtl/mux3.vhd Line: 19
Warning (14026): LATCH primitive "riscv_single:cpu|datapath:datapath_inst|mux3:result_mux|y[28]" is permanently enabled File: C:/Users/rhysf/testing/rv32i-single-cycle/rtl/mux3.vhd Line: 19
Warning (14026): LATCH primitive "riscv_single:cpu|datapath:datapath_inst|mux3:result_mux|y[29]" is permanently enabled File: C:/Users/rhysf/testing/rv32i-single-cycle/rtl/mux3.vhd Line: 19
Warning (14026): LATCH primitive "riscv_single:cpu|datapath:datapath_inst|mux3:result_mux|y[30]" is permanently enabled File: C:/Users/rhysf/testing/rv32i-single-cycle/rtl/mux3.vhd Line: 19
Warning (14026): LATCH primitive "riscv_single:cpu|datapath:datapath_inst|mux3:result_mux|y[31]" is permanently enabled File: C:/Users/rhysf/testing/rv32i-single-cycle/rtl/mux3.vhd Line: 19
Warning (14026): LATCH primitive "riscv_single:cpu|datapath:datapath_inst|mux3:result_mux|y[3]" is permanently enabled File: C:/Users/rhysf/testing/rv32i-single-cycle/rtl/mux3.vhd Line: 19
Warning (14026): LATCH primitive "riscv_single:cpu|datapath:datapath_inst|mux3:result_mux|y[1]" is permanently enabled File: C:/Users/rhysf/testing/rv32i-single-cycle/rtl/mux3.vhd Line: 19
Warning (14026): LATCH primitive "riscv_single:cpu|datapath:datapath_inst|mux3:result_mux|y[2]" is permanently enabled File: C:/Users/rhysf/testing/rv32i-single-cycle/rtl/mux3.vhd Line: 19
Warning (14026): LATCH primitive "riscv_single:cpu|datapath:datapath_inst|mux3:result_mux|y[0]" is permanently enabled File: C:/Users/rhysf/testing/rv32i-single-cycle/rtl/mux3.vhd Line: 19
Warning (14026): LATCH primitive "riscv_single:cpu|datapath:datapath_inst|mux3:result_mux|y[23]" is permanently enabled File: C:/Users/rhysf/testing/rv32i-single-cycle/rtl/mux3.vhd Line: 19
Warning (14026): LATCH primitive "riscv_single:cpu|datapath:datapath_inst|mux3:result_mux|y[22]" is permanently enabled File: C:/Users/rhysf/testing/rv32i-single-cycle/rtl/mux3.vhd Line: 19
Warning (14026): LATCH primitive "riscv_single:cpu|datapath:datapath_inst|mux3:result_mux|y[21]" is permanently enabled File: C:/Users/rhysf/testing/rv32i-single-cycle/rtl/mux3.vhd Line: 19
Warning (14026): LATCH primitive "riscv_single:cpu|datapath:datapath_inst|mux3:result_mux|y[20]" is permanently enabled File: C:/Users/rhysf/testing/rv32i-single-cycle/rtl/mux3.vhd Line: 19
Warning (14026): LATCH primitive "riscv_single:cpu|datapath:datapath_inst|mux3:result_mux|y[19]" is permanently enabled File: C:/Users/rhysf/testing/rv32i-single-cycle/rtl/mux3.vhd Line: 19
Warning (14026): LATCH primitive "riscv_single:cpu|datapath:datapath_inst|mux3:result_mux|y[18]" is permanently enabled File: C:/Users/rhysf/testing/rv32i-single-cycle/rtl/mux3.vhd Line: 19
Warning (14026): LATCH primitive "riscv_single:cpu|datapath:datapath_inst|mux3:result_mux|y[17]" is permanently enabled File: C:/Users/rhysf/testing/rv32i-single-cycle/rtl/mux3.vhd Line: 19
Warning (14026): LATCH primitive "riscv_single:cpu|datapath:datapath_inst|mux3:result_mux|y[16]" is permanently enabled File: C:/Users/rhysf/testing/rv32i-single-cycle/rtl/mux3.vhd Line: 19
Warning (14026): LATCH primitive "riscv_single:cpu|datapath:datapath_inst|mux3:result_mux|y[15]" is permanently enabled File: C:/Users/rhysf/testing/rv32i-single-cycle/rtl/mux3.vhd Line: 19
Warning (14026): LATCH primitive "riscv_single:cpu|datapath:datapath_inst|mux3:result_mux|y[14]" is permanently enabled File: C:/Users/rhysf/testing/rv32i-single-cycle/rtl/mux3.vhd Line: 19
Warning (14026): LATCH primitive "riscv_single:cpu|datapath:datapath_inst|mux3:result_mux|y[13]" is permanently enabled File: C:/Users/rhysf/testing/rv32i-single-cycle/rtl/mux3.vhd Line: 19
Warning (14026): LATCH primitive "riscv_single:cpu|datapath:datapath_inst|mux3:result_mux|y[12]" is permanently enabled File: C:/Users/rhysf/testing/rv32i-single-cycle/rtl/mux3.vhd Line: 19
Warning (14026): LATCH primitive "riscv_single:cpu|datapath:datapath_inst|mux3:result_mux|y[11]" is permanently enabled File: C:/Users/rhysf/testing/rv32i-single-cycle/rtl/mux3.vhd Line: 19
Warning (14026): LATCH primitive "riscv_single:cpu|datapath:datapath_inst|mux3:result_mux|y[10]" is permanently enabled File: C:/Users/rhysf/testing/rv32i-single-cycle/rtl/mux3.vhd Line: 19
Warning (14026): LATCH primitive "riscv_single:cpu|datapath:datapath_inst|mux3:result_mux|y[9]" is permanently enabled File: C:/Users/rhysf/testing/rv32i-single-cycle/rtl/mux3.vhd Line: 19
Warning (14026): LATCH primitive "riscv_single:cpu|datapath:datapath_inst|mux3:result_mux|y[8]" is permanently enabled File: C:/Users/rhysf/testing/rv32i-single-cycle/rtl/mux3.vhd Line: 19
Warning (14026): LATCH primitive "riscv_single:cpu|datapath:datapath_inst|mux3:result_mux|y[7]" is permanently enabled File: C:/Users/rhysf/testing/rv32i-single-cycle/rtl/mux3.vhd Line: 19
Warning (14026): LATCH primitive "riscv_single:cpu|datapath:datapath_inst|mux3:result_mux|y[6]" is permanently enabled File: C:/Users/rhysf/testing/rv32i-single-cycle/rtl/mux3.vhd Line: 19
Warning (14026): LATCH primitive "riscv_single:cpu|datapath:datapath_inst|mux3:result_mux|y[5]" is permanently enabled File: C:/Users/rhysf/testing/rv32i-single-cycle/rtl/mux3.vhd Line: 19
Warning (14026): LATCH primitive "riscv_single:cpu|datapath:datapath_inst|mux3:result_mux|y[4]" is permanently enabled File: C:/Users/rhysf/testing/rv32i-single-cycle/rtl/mux3.vhd Line: 19
Info (286030): Timing-Driven Synthesis is running
Warning (20013): Ignored 571 assignments for entity "DE1_SoC" -- entity does not exist in design
    Warning (20014): Assignment for entity set_instance_assignment -name PACKAGE_SKEW_COMPENSATION OFF -to HPS_DDR3_ADDR[0] -entity DE1_SoC was ignored
    Warning (20014): Assignment for entity set_instance_assignment -name PACKAGE_SKEW_COMPENSATION OFF -to HPS_DDR3_ADDR[10] -entity DE1_SoC was ignored
    Warning (20014): Assignment for entity set_instance_assignment -name PACKAGE_SKEW_COMPENSATION OFF -to HPS_DDR3_ADDR[11] -entity DE1_SoC was ignored
    Warning (20014): Assignment for entity set_instance_assignment -name PACKAGE_SKEW_COMPENSATION OFF -to HPS_DDR3_ADDR[12] -entity DE1_SoC was ignored
    Warning (20014): Assignment for entity set_instance_assignment -name PACKAGE_SKEW_COMPENSATION OFF -to HPS_DDR3_ADDR[13] -entity DE1_SoC was ignored
    Warning (20014): Assignment for entity set_instance_assignment -name PACKAGE_SKEW_COMPENSATION OFF -to HPS_DDR3_ADDR[14] -entity DE1_SoC was ignored
    Warning (20014): Assignment for entity set_instance_assignment -name PACKAGE_SKEW_COMPENSATION OFF -to HPS_DDR3_ADDR[1] -entity DE1_SoC was ignored
    Warning (20014): Assignment for entity set_instance_assignment -name PACKAGE_SKEW_COMPENSATION OFF -to HPS_DDR3_ADDR[2] -entity DE1_SoC was ignored
    Warning (20014): Assignment for entity set_instance_assignment -name PACKAGE_SKEW_COMPENSATION OFF -to HPS_DDR3_ADDR[3] -entity DE1_SoC was ignored
    Warning (20014): Assignment for entity set_instance_assignment -name PACKAGE_SKEW_COMPENSATION OFF -to HPS_DDR3_ADDR[4] -entity DE1_SoC was ignored
    Warning (20014): Assignment for entity set_instance_assignment -name PACKAGE_SKEW_COMPENSATION OFF -to HPS_DDR3_ADDR[5] -entity DE1_SoC was ignored
    Warning (20014): Assignment for entity set_instance_assignment -name PACKAGE_SKEW_COMPENSATION OFF -to HPS_DDR3_ADDR[6] -entity DE1_SoC was ignored
    Warning (20014): Assignment for entity set_instance_assignment -name PACKAGE_SKEW_COMPENSATION OFF -to HPS_DDR3_ADDR[7] -entity DE1_SoC was ignored
    Warning (20014): Assignment for entity set_instance_assignment -name PACKAGE_SKEW_COMPENSATION OFF -to HPS_DDR3_ADDR[8] -entity DE1_SoC was ignored
    Warning (20014): Assignment for entity set_instance_assignment -name PACKAGE_SKEW_COMPENSATION OFF -to HPS_DDR3_ADDR[9] -entity DE1_SoC was ignored
    Warning (20014): Assignment for entity set_instance_assignment -name PACKAGE_SKEW_COMPENSATION OFF -to HPS_DDR3_BA[0] -entity DE1_SoC was ignored
    Warning (20014): Assignment for entity set_instance_assignment -name PACKAGE_SKEW_COMPENSATION OFF -to HPS_DDR3_BA[1] -entity DE1_SoC was ignored
    Warning (20014): Assignment for entity set_instance_assignment -name PACKAGE_SKEW_COMPENSATION OFF -to HPS_DDR3_BA[2] -entity DE1_SoC was ignored
    Warning (20014): Assignment for entity set_instance_assignment -name PACKAGE_SKEW_COMPENSATION OFF -to HPS_DDR3_CAS_N -entity DE1_SoC was ignored
    Warning (20014): Assignment for entity set_instance_assignment -name PACKAGE_SKEW_COMPENSATION OFF -to HPS_DDR3_CKE -entity DE1_SoC was ignored
    Warning (20014): Assignment for entity set_instance_assignment -name PACKAGE_SKEW_COMPENSATION OFF -to HPS_DDR3_CK_N -entity DE1_SoC was ignored
    Warning (20014): Assignment for entity set_instance_assignment -name PACKAGE_SKEW_COMPENSATION OFF -to HPS_DDR3_CK_P -entity DE1_SoC was ignored
    Warning (20014): Assignment for entity set_instance_assignment -name PACKAGE_SKEW_COMPENSATION OFF -to HPS_DDR3_CS_N -entity DE1_SoC was ignored
    Warning (20014): Assignment for entity set_instance_assignment -name PACKAGE_SKEW_COMPENSATION OFF -to HPS_DDR3_DM[0] -entity DE1_SoC was ignored
    Warning (20014): Assignment for entity set_instance_assignment -name PACKAGE_SKEW_COMPENSATION OFF -to HPS_DDR3_DM[1] -entity DE1_SoC was ignored
    Warning (20014): Assignment for entity set_instance_assignment -name PACKAGE_SKEW_COMPENSATION OFF -to HPS_DDR3_DM[2] -entity DE1_SoC was ignored
    Warning (20014): Assignment for entity set_instance_assignment -name PACKAGE_SKEW_COMPENSATION OFF -to HPS_DDR3_DM[3] -entity DE1_SoC was ignored
    Warning (20014): Assignment for entity set_instance_assignment -name PACKAGE_SKEW_COMPENSATION OFF -to HPS_DDR3_DQS_N[0] -entity DE1_SoC was ignored
    Warning (20014): Assignment for entity set_instance_assignment -name PACKAGE_SKEW_COMPENSATION OFF -to HPS_DDR3_DQS_N[1] -entity DE1_SoC was ignored
    Warning (20014): Assignment for entity set_instance_assignment -name PACKAGE_SKEW_COMPENSATION OFF -to HPS_DDR3_DQS_N[2] -entity DE1_SoC was ignored
    Warning (20014): Assignment for entity set_instance_assignment -name PACKAGE_SKEW_COMPENSATION OFF -to HPS_DDR3_DQS_N[3] -entity DE1_SoC was ignored
    Warning (20014): Assignment for entity set_instance_assignment -name PACKAGE_SKEW_COMPENSATION OFF -to HPS_DDR3_DQS_P[0] -entity DE1_SoC was ignored
    Warning (20014): Assignment for entity set_instance_assignment -name PACKAGE_SKEW_COMPENSATION OFF -to HPS_DDR3_DQS_P[1] -entity DE1_SoC was ignored
    Warning (20014): Assignment for entity set_instance_assignment -name PACKAGE_SKEW_COMPENSATION OFF -to HPS_DDR3_DQS_P[2] -entity DE1_SoC was ignored
    Warning (20014): Assignment for entity set_instance_assignment -name PACKAGE_SKEW_COMPENSATION OFF -to HPS_DDR3_DQS_P[3] -entity DE1_SoC was ignored
    Warning (20014): Assignment for entity set_instance_assignment -name PACKAGE_SKEW_COMPENSATION OFF -to HPS_DDR3_DQ[0] -entity DE1_SoC was ignored
    Warning (20014): Assignment for entity set_instance_assignment -name PACKAGE_SKEW_COMPENSATION OFF -to HPS_DDR3_DQ[10] -entity DE1_SoC was ignored
    Warning (20014): Assignment for entity set_instance_assignment -name PACKAGE_SKEW_COMPENSATION OFF -to HPS_DDR3_DQ[11] -entity DE1_SoC was ignored
    Warning (20014): Assignment for entity set_instance_assignment -name PACKAGE_SKEW_COMPENSATION OFF -to HPS_DDR3_DQ[12] -entity DE1_SoC was ignored
    Warning (20014): Assignment for entity set_instance_assignment -name PACKAGE_SKEW_COMPENSATION OFF -to HPS_DDR3_DQ[13] -entity DE1_SoC was ignored
    Warning (20014): Assignment for entity set_instance_assignment -name PACKAGE_SKEW_COMPENSATION OFF -to HPS_DDR3_DQ[14] -entity DE1_SoC was ignored
    Warning (20014): Assignment for entity set_instance_assignment -name PACKAGE_SKEW_COMPENSATION OFF -to HPS_DDR3_DQ[15] -entity DE1_SoC was ignored
    Warning (20014): Assignment for entity set_instance_assignment -name PACKAGE_SKEW_COMPENSATION OFF -to HPS_DDR3_DQ[16] -entity DE1_SoC was ignored
    Warning (20014): Assignment for entity set_instance_assignment -name PACKAGE_SKEW_COMPENSATION OFF -to HPS_DDR3_DQ[17] -entity DE1_SoC was ignored
    Warning (20014): Assignment for entity set_instance_assignment -name PACKAGE_SKEW_COMPENSATION OFF -to HPS_DDR3_DQ[18] -entity DE1_SoC was ignored
    Warning (20014): Assignment for entity set_instance_assignment -name PACKAGE_SKEW_COMPENSATION OFF -to HPS_DDR3_DQ[19] -entity DE1_SoC was ignored
    Warning (20014): Assignment for entity set_instance_assignment -name PACKAGE_SKEW_COMPENSATION OFF -to HPS_DDR3_DQ[1] -entity DE1_SoC was ignored
    Warning (20014): Assignment for entity set_instance_assignment -name PACKAGE_SKEW_COMPENSATION OFF -to HPS_DDR3_DQ[20] -entity DE1_SoC was ignored
    Warning (20014): Assignment for entity set_instance_assignment -name PACKAGE_SKEW_COMPENSATION OFF -to HPS_DDR3_DQ[21] -entity DE1_SoC was ignored
    Warning (20014): Assignment for entity set_instance_assignment -name PACKAGE_SKEW_COMPENSATION OFF -to HPS_DDR3_DQ[22] -entity DE1_SoC was ignored
    Warning (20014): Assignment for entity set_instance_assignment -name PACKAGE_SKEW_COMPENSATION OFF -to HPS_DDR3_DQ[23] -entity DE1_SoC was ignored
    Warning (20014): Assignment for entity set_instance_assignment -name PACKAGE_SKEW_COMPENSATION OFF -to HPS_DDR3_DQ[24] -entity DE1_SoC was ignored
    Warning (20014): Assignment for entity set_instance_assignment -name PACKAGE_SKEW_COMPENSATION OFF -to HPS_DDR3_DQ[25] -entity DE1_SoC was ignored
    Warning (20014): Assignment for entity set_instance_assignment -name PACKAGE_SKEW_COMPENSATION OFF -to HPS_DDR3_DQ[26] -entity DE1_SoC was ignored
    Warning (20014): Assignment for entity set_instance_assignment -name PACKAGE_SKEW_COMPENSATION OFF -to HPS_DDR3_DQ[27] -entity DE1_SoC was ignored
    Warning (20014): Assignment for entity set_instance_assignment -name PACKAGE_SKEW_COMPENSATION OFF -to HPS_DDR3_DQ[28] -entity DE1_SoC was ignored
    Warning (20014): Assignment for entity set_instance_assignment -name PACKAGE_SKEW_COMPENSATION OFF -to HPS_DDR3_DQ[29] -entity DE1_SoC was ignored
    Warning (20014): Assignment for entity set_instance_assignment -name PACKAGE_SKEW_COMPENSATION OFF -to HPS_DDR3_DQ[2] -entity DE1_SoC was ignored
    Warning (20014): Assignment for entity set_instance_assignment -name PACKAGE_SKEW_COMPENSATION OFF -to HPS_DDR3_DQ[30] -entity DE1_SoC was ignored
    Warning (20014): Assignment for entity set_instance_assignment -name PACKAGE_SKEW_COMPENSATION OFF -to HPS_DDR3_DQ[31] -entity DE1_SoC was ignored
    Warning (20014): Assignment for entity set_instance_assignment -name PACKAGE_SKEW_COMPENSATION OFF -to HPS_DDR3_DQ[3] -entity DE1_SoC was ignored
    Warning (20014): Assignment for entity set_instance_assignment -name PACKAGE_SKEW_COMPENSATION OFF -to HPS_DDR3_DQ[4] -entity DE1_SoC was ignored
    Warning (20014): Assignment for entity set_instance_assignment -name PACKAGE_SKEW_COMPENSATION OFF -to HPS_DDR3_DQ[5] -entity DE1_SoC was ignored
    Warning (20014): Assignment for entity set_instance_assignment -name PACKAGE_SKEW_COMPENSATION OFF -to HPS_DDR3_DQ[6] -entity DE1_SoC was ignored
    Warning (20014): Assignment for entity set_instance_assignment -name PACKAGE_SKEW_COMPENSATION OFF -to HPS_DDR3_DQ[7] -entity DE1_SoC was ignored
    Warning (20014): Assignment for entity set_instance_assignment -name PACKAGE_SKEW_COMPENSATION OFF -to HPS_DDR3_DQ[8] -entity DE1_SoC was ignored
    Warning (20014): Assignment for entity set_instance_assignment -name PACKAGE_SKEW_COMPENSATION OFF -to HPS_DDR3_DQ[9] -entity DE1_SoC was ignored
    Warning (20014): Assignment for entity set_instance_assignment -name PACKAGE_SKEW_COMPENSATION OFF -to HPS_DDR3_ODT -entity DE1_SoC was ignored
    Warning (20014): Assignment for entity set_instance_assignment -name PACKAGE_SKEW_COMPENSATION OFF -to HPS_DDR3_RAS_N -entity DE1_SoC was ignored
    Warning (20014): Assignment for entity set_instance_assignment -name PACKAGE_SKEW_COMPENSATION OFF -to HPS_DDR3_RESET_N -entity DE1_SoC was ignored
    Warning (20014): Assignment for entity set_instance_assignment -name PACKAGE_SKEW_COMPENSATION OFF -to HPS_DDR3_WE_N -entity DE1_SoC was ignored
    Warning (20014): Assignment for entity set_instance_assignment -name IO_STANDARD "3.3-V LVTTL" -to ADC_CS_N -entity DE1_SoC was ignored
    Warning (20014): Assignment for entity set_instance_assignment -name IO_STANDARD "3.3-V LVTTL" -to ADC_DIN -entity DE1_SoC was ignored
    Warning (20014): Assignment for entity set_instance_assignment -name IO_STANDARD "3.3-V LVTTL" -to ADC_DOUT -entity DE1_SoC was ignored
    Warning (20014): Assignment for entity set_instance_assignment -name IO_STANDARD "3.3-V LVTTL" -to ADC_SCLK -entity DE1_SoC was ignored
    Warning (20014): Assignment for entity set_instance_assignment -name IO_STANDARD "3.3-V LVTTL" -to AUD_ADCDAT -entity DE1_SoC was ignored
    Warning (20014): Assignment for entity set_instance_assignment -name IO_STANDARD "3.3-V LVTTL" -to AUD_ADCLRCK -entity DE1_SoC was ignored
    Warning (20014): Assignment for entity set_instance_assignment -name IO_STANDARD "3.3-V LVTTL" -to AUD_BCLK -entity DE1_SoC was ignored
    Warning (20014): Assignment for entity set_instance_assignment -name IO_STANDARD "3.3-V LVTTL" -to AUD_DACDAT -entity DE1_SoC was ignored
    Warning (20014): Assignment for entity set_instance_assignment -name IO_STANDARD "3.3-V LVTTL" -to AUD_DACLRCK -entity DE1_SoC was ignored
    Warning (20014): Assignment for entity set_instance_assignment -name IO_STANDARD "3.3-V LVTTL" -to AUD_XCK -entity DE1_SoC was ignored
    Warning (20014): Assignment for entity set_instance_assignment -name IO_STANDARD "3.3-V LVTTL" -to CLOCK2_50 -entity DE1_SoC was ignored
    Warning (20014): Assignment for entity set_instance_assignment -name IO_STANDARD "3.3-V LVTTL" -to CLOCK3_50 -entity DE1_SoC was ignored
    Warning (20014): Assignment for entity set_instance_assignment -name IO_STANDARD "3.3-V LVTTL" -to CLOCK4_50 -entity DE1_SoC was ignored
    Warning (20014): Assignment for entity set_instance_assignment -name IO_STANDARD "3.3-V LVTTL" -to CLOCK_50 -entity DE1_SoC was ignored
    Warning (20014): Assignment for entity set_instance_assignment -name IO_STANDARD "3.3-V LVTTL" -to DRAM_ADDR[0] -entity DE1_SoC was ignored
    Warning (20014): Assignment for entity set_instance_assignment -name IO_STANDARD "3.3-V LVTTL" -to DRAM_ADDR[10] -entity DE1_SoC was ignored
    Warning (20014): Assignment for entity set_instance_assignment -name IO_STANDARD "3.3-V LVTTL" -to DRAM_ADDR[11] -entity DE1_SoC was ignored
    Warning (20014): Assignment for entity set_instance_assignment -name IO_STANDARD "3.3-V LVTTL" -to DRAM_ADDR[12] -entity DE1_SoC was ignored
    Warning (20014): Assignment for entity set_instance_assignment -name IO_STANDARD "3.3-V LVTTL" -to DRAM_ADDR[1] -entity DE1_SoC was ignored
    Warning (20014): Assignment for entity set_instance_assignment -name IO_STANDARD "3.3-V LVTTL" -to DRAM_ADDR[2] -entity DE1_SoC was ignored
    Warning (20014): Assignment for entity set_instance_assignment -name IO_STANDARD "3.3-V LVTTL" -to DRAM_ADDR[3] -entity DE1_SoC was ignored
    Warning (20014): Assignment for entity set_instance_assignment -name IO_STANDARD "3.3-V LVTTL" -to DRAM_ADDR[4] -entity DE1_SoC was ignored
    Warning (20014): Assignment for entity set_instance_assignment -name IO_STANDARD "3.3-V LVTTL" -to DRAM_ADDR[5] -entity DE1_SoC was ignored
    Warning (20014): Assignment for entity set_instance_assignment -name IO_STANDARD "3.3-V LVTTL" -to DRAM_ADDR[6] -entity DE1_SoC was ignored
    Warning (20014): Assignment for entity set_instance_assignment -name IO_STANDARD "3.3-V LVTTL" -to DRAM_ADDR[7] -entity DE1_SoC was ignored
    Warning (20014): Assignment for entity set_instance_assignment -name IO_STANDARD "3.3-V LVTTL" -to DRAM_ADDR[8] -entity DE1_SoC was ignored
    Warning (20014): Assignment for entity set_instance_assignment -name IO_STANDARD "3.3-V LVTTL" -to DRAM_ADDR[9] -entity DE1_SoC was ignored
    Warning (20014): Assignment for entity set_instance_assignment -name IO_STANDARD "3.3-V LVTTL" -to DRAM_BA[0] -entity DE1_SoC was ignored
    Warning (20014): Assignment for entity set_instance_assignment -name IO_STANDARD "3.3-V LVTTL" -to DRAM_BA[1] -entity DE1_SoC was ignored
    Warning (20014): Assignment for entity set_instance_assignment -name IO_STANDARD "3.3-V LVTTL" -to DRAM_CAS_N -entity DE1_SoC was ignored
    Warning (20014): Assignment for entity set_instance_assignment -name IO_STANDARD "3.3-V LVTTL" -to DRAM_CKE -entity DE1_SoC was ignored
    Warning (20014): Assignment for entity set_instance_assignment -name IO_STANDARD "3.3-V LVTTL" -to DRAM_CLK -entity DE1_SoC was ignored
    Warning (20014): Assignment for entity set_instance_assignment -name IO_STANDARD "3.3-V LVTTL" -to DRAM_CS_N -entity DE1_SoC was ignored
    Warning (20014): Assignment for entity set_instance_assignment -name IO_STANDARD "3.3-V LVTTL" -to DRAM_DQ[0] -entity DE1_SoC was ignored
    Warning (20014): Assignment for entity set_instance_assignment -name IO_STANDARD "3.3-V LVTTL" -to DRAM_DQ[10] -entity DE1_SoC was ignored
    Warning (20014): Assignment for entity set_instance_assignment -name IO_STANDARD "3.3-V LVTTL" -to DRAM_DQ[11] -entity DE1_SoC was ignored
    Warning (20014): Assignment for entity set_instance_assignment -name IO_STANDARD "3.3-V LVTTL" -to DRAM_DQ[12] -entity DE1_SoC was ignored
    Warning (20014): Assignment for entity set_instance_assignment -name IO_STANDARD "3.3-V LVTTL" -to DRAM_DQ[13] -entity DE1_SoC was ignored
    Warning (20014): Assignment for entity set_instance_assignment -name IO_STANDARD "3.3-V LVTTL" -to DRAM_DQ[14] -entity DE1_SoC was ignored
    Warning (20014): Assignment for entity set_instance_assignment -name IO_STANDARD "3.3-V LVTTL" -to DRAM_DQ[15] -entity DE1_SoC was ignored
    Warning (20014): Assignment for entity set_instance_assignment -name IO_STANDARD "3.3-V LVTTL" -to DRAM_DQ[1] -entity DE1_SoC was ignored
    Warning (20014): Assignment for entity set_instance_assignment -name IO_STANDARD "3.3-V LVTTL" -to DRAM_DQ[2] -entity DE1_SoC was ignored
    Warning (20014): Assignment for entity set_instance_assignment -name IO_STANDARD "3.3-V LVTTL" -to DRAM_DQ[3] -entity DE1_SoC was ignored
    Warning (20014): Assignment for entity set_instance_assignment -name IO_STANDARD "3.3-V LVTTL" -to DRAM_DQ[4] -entity DE1_SoC was ignored
    Warning (20014): Assignment for entity set_instance_assignment -name IO_STANDARD "3.3-V LVTTL" -to DRAM_DQ[5] -entity DE1_SoC was ignored
    Warning (20014): Assignment for entity set_instance_assignment -name IO_STANDARD "3.3-V LVTTL" -to DRAM_DQ[6] -entity DE1_SoC was ignored
    Warning (20014): Assignment for entity set_instance_assignment -name IO_STANDARD "3.3-V LVTTL" -to DRAM_DQ[7] -entity DE1_SoC was ignored
    Warning (20014): Assignment for entity set_instance_assignment -name IO_STANDARD "3.3-V LVTTL" -to DRAM_DQ[8] -entity DE1_SoC was ignored
    Warning (20014): Assignment for entity set_instance_assignment -name IO_STANDARD "3.3-V LVTTL" -to DRAM_DQ[9] -entity DE1_SoC was ignored
    Warning (20014): Assignment for entity set_instance_assignment -name IO_STANDARD "3.3-V LVTTL" -to DRAM_LDQM -entity DE1_SoC was ignored
    Warning (20014): Assignment for entity set_instance_assignment -name IO_STANDARD "3.3-V LVTTL" -to DRAM_RAS_N -entity DE1_SoC was ignored
    Warning (20014): Assignment for entity set_instance_assignment -name IO_STANDARD "3.3-V LVTTL" -to DRAM_UDQM -entity DE1_SoC was ignored
    Warning (20014): Assignment for entity set_instance_assignment -name IO_STANDARD "3.3-V LVTTL" -to DRAM_WE_N -entity DE1_SoC was ignored
    Warning (20014): Assignment for entity set_instance_assignment -name IO_STANDARD "3.3-V LVTTL" -to FAN_CTRL -entity DE1_SoC was ignored
    Warning (20014): Assignment for entity set_instance_assignment -name IO_STANDARD "3.3-V LVTTL" -to FPGA_I2C_SCLK -entity DE1_SoC was ignored
    Warning (20014): Assignment for entity set_instance_assignment -name IO_STANDARD "3.3-V LVTTL" -to FPGA_I2C_SDAT -entity DE1_SoC was ignored
    Warning (20014): Assignment for entity set_instance_assignment -name IO_STANDARD "3.3-V LVTTL" -to GPIO_0[0] -entity DE1_SoC was ignored
    Warning (20014): Assignment for entity set_instance_assignment -name IO_STANDARD "3.3-V LVTTL" -to GPIO_0[10] -entity DE1_SoC was ignored
    Warning (20014): Assignment for entity set_instance_assignment -name IO_STANDARD "3.3-V LVTTL" -to GPIO_0[11] -entity DE1_SoC was ignored
    Warning (20014): Assignment for entity set_instance_assignment -name IO_STANDARD "3.3-V LVTTL" -to GPIO_0[12] -entity DE1_SoC was ignored
    Warning (20014): Assignment for entity set_instance_assignment -name IO_STANDARD "3.3-V LVTTL" -to GPIO_0[13] -entity DE1_SoC was ignored
    Warning (20014): Assignment for entity set_instance_assignment -name IO_STANDARD "3.3-V LVTTL" -to GPIO_0[14] -entity DE1_SoC was ignored
    Warning (20014): Assignment for entity set_instance_assignment -name IO_STANDARD "3.3-V LVTTL" -to GPIO_0[15] -entity DE1_SoC was ignored
    Warning (20014): Assignment for entity set_instance_assignment -name IO_STANDARD "3.3-V LVTTL" -to GPIO_0[16] -entity DE1_SoC was ignored
    Warning (20014): Assignment for entity set_instance_assignment -name IO_STANDARD "3.3-V LVTTL" -to GPIO_0[17] -entity DE1_SoC was ignored
    Warning (20014): Assignment for entity set_instance_assignment -name IO_STANDARD "3.3-V LVTTL" -to GPIO_0[18] -entity DE1_SoC was ignored
    Warning (20014): Assignment for entity set_instance_assignment -name IO_STANDARD "3.3-V LVTTL" -to GPIO_0[19] -entity DE1_SoC was ignored
    Warning (20014): Assignment for entity set_instance_assignment -name IO_STANDARD "3.3-V LVTTL" -to GPIO_0[1] -entity DE1_SoC was ignored
    Warning (20014): Assignment for entity set_instance_assignment -name IO_STANDARD "3.3-V LVTTL" -to GPIO_0[20] -entity DE1_SoC was ignored
    Warning (20014): Assignment for entity set_instance_assignment -name IO_STANDARD "3.3-V LVTTL" -to GPIO_0[21] -entity DE1_SoC was ignored
    Warning (20014): Assignment for entity set_instance_assignment -name IO_STANDARD "3.3-V LVTTL" -to GPIO_0[22] -entity DE1_SoC was ignored
    Warning (20014): Assignment for entity set_instance_assignment -name IO_STANDARD "3.3-V LVTTL" -to GPIO_0[23] -entity DE1_SoC was ignored
    Warning (20014): Assignment for entity set_instance_assignment -name IO_STANDARD "3.3-V LVTTL" -to GPIO_0[24] -entity DE1_SoC was ignored
    Warning (20014): Assignment for entity set_instance_assignment -name IO_STANDARD "3.3-V LVTTL" -to GPIO_0[25] -entity DE1_SoC was ignored
    Warning (20014): Assignment for entity set_instance_assignment -name IO_STANDARD "3.3-V LVTTL" -to GPIO_0[26] -entity DE1_SoC was ignored
    Warning (20014): Assignment for entity set_instance_assignment -name IO_STANDARD "3.3-V LVTTL" -to GPIO_0[27] -entity DE1_SoC was ignored
    Warning (20014): Assignment for entity set_instance_assignment -name IO_STANDARD "3.3-V LVTTL" -to GPIO_0[28] -entity DE1_SoC was ignored
    Warning (20014): Assignment for entity set_instance_assignment -name IO_STANDARD "3.3-V LVTTL" -to GPIO_0[29] -entity DE1_SoC was ignored
    Warning (20014): Assignment for entity set_instance_assignment -name IO_STANDARD "3.3-V LVTTL" -to GPIO_0[2] -entity DE1_SoC was ignored
    Warning (20014): Assignment for entity set_instance_assignment -name IO_STANDARD "3.3-V LVTTL" -to GPIO_0[30] -entity DE1_SoC was ignored
    Warning (20014): Assignment for entity set_instance_assignment -name IO_STANDARD "3.3-V LVTTL" -to GPIO_0[31] -entity DE1_SoC was ignored
    Warning (20014): Assignment for entity set_instance_assignment -name IO_STANDARD "3.3-V LVTTL" -to GPIO_0[32] -entity DE1_SoC was ignored
    Warning (20014): Assignment for entity set_instance_assignment -name IO_STANDARD "3.3-V LVTTL" -to GPIO_0[33] -entity DE1_SoC was ignored
    Warning (20014): Assignment for entity set_instance_assignment -name IO_STANDARD "3.3-V LVTTL" -to GPIO_0[34] -entity DE1_SoC was ignored
    Warning (20014): Assignment for entity set_instance_assignment -name IO_STANDARD "3.3-V LVTTL" -to GPIO_0[35] -entity DE1_SoC was ignored
    Warning (20014): Assignment for entity set_instance_assignment -name IO_STANDARD "3.3-V LVTTL" -to GPIO_0[3] -entity DE1_SoC was ignored
    Warning (20014): Assignment for entity set_instance_assignment -name IO_STANDARD "3.3-V LVTTL" -to GPIO_0[4] -entity DE1_SoC was ignored
    Warning (20014): Assignment for entity set_instance_assignment -name IO_STANDARD "3.3-V LVTTL" -to GPIO_0[5] -entity DE1_SoC was ignored
    Warning (20014): Assignment for entity set_instance_assignment -name IO_STANDARD "3.3-V LVTTL" -to GPIO_0[6] -entity DE1_SoC was ignored
    Warning (20014): Assignment for entity set_instance_assignment -name IO_STANDARD "3.3-V LVTTL" -to GPIO_0[7] -entity DE1_SoC was ignored
    Warning (20014): Assignment for entity set_instance_assignment -name IO_STANDARD "3.3-V LVTTL" -to GPIO_0[8] -entity DE1_SoC was ignored
    Warning (20014): Assignment for entity set_instance_assignment -name IO_STANDARD "3.3-V LVTTL" -to GPIO_0[9] -entity DE1_SoC was ignored
    Warning (20014): Assignment for entity set_instance_assignment -name IO_STANDARD "3.3-V LVTTL" -to GPIO_1[0] -entity DE1_SoC was ignored
    Warning (20014): Assignment for entity set_instance_assignment -name IO_STANDARD "3.3-V LVTTL" -to GPIO_1[10] -entity DE1_SoC was ignored
    Warning (20014): Assignment for entity set_instance_assignment -name IO_STANDARD "3.3-V LVTTL" -to GPIO_1[11] -entity DE1_SoC was ignored
    Warning (20014): Assignment for entity set_instance_assignment -name IO_STANDARD "3.3-V LVTTL" -to GPIO_1[12] -entity DE1_SoC was ignored
    Warning (20014): Assignment for entity set_instance_assignment -name IO_STANDARD "3.3-V LVTTL" -to GPIO_1[13] -entity DE1_SoC was ignored
    Warning (20014): Assignment for entity set_instance_assignment -name IO_STANDARD "3.3-V LVTTL" -to GPIO_1[14] -entity DE1_SoC was ignored
    Warning (20014): Assignment for entity set_instance_assignment -name IO_STANDARD "3.3-V LVTTL" -to GPIO_1[15] -entity DE1_SoC was ignored
    Warning (20014): Assignment for entity set_instance_assignment -name IO_STANDARD "3.3-V LVTTL" -to GPIO_1[16] -entity DE1_SoC was ignored
    Warning (20014): Assignment for entity set_instance_assignment -name IO_STANDARD "3.3-V LVTTL" -to GPIO_1[17] -entity DE1_SoC was ignored
    Warning (20014): Assignment for entity set_instance_assignment -name IO_STANDARD "3.3-V LVTTL" -to GPIO_1[18] -entity DE1_SoC was ignored
    Warning (20014): Assignment for entity set_instance_assignment -name IO_STANDARD "3.3-V LVTTL" -to GPIO_1[19] -entity DE1_SoC was ignored
    Warning (20014): Assignment for entity set_instance_assignment -name IO_STANDARD "3.3-V LVTTL" -to GPIO_1[1] -entity DE1_SoC was ignored
    Warning (20014): Assignment for entity set_instance_assignment -name IO_STANDARD "3.3-V LVTTL" -to GPIO_1[20] -entity DE1_SoC was ignored
    Warning (20014): Assignment for entity set_instance_assignment -name IO_STANDARD "3.3-V LVTTL" -to GPIO_1[21] -entity DE1_SoC was ignored
    Warning (20014): Assignment for entity set_instance_assignment -name IO_STANDARD "3.3-V LVTTL" -to GPIO_1[22] -entity DE1_SoC was ignored
    Warning (20014): Assignment for entity set_instance_assignment -name IO_STANDARD "3.3-V LVTTL" -to GPIO_1[23] -entity DE1_SoC was ignored
    Warning (20014): Assignment for entity set_instance_assignment -name IO_STANDARD "3.3-V LVTTL" -to GPIO_1[24] -entity DE1_SoC was ignored
    Warning (20014): Assignment for entity set_instance_assignment -name IO_STANDARD "3.3-V LVTTL" -to GPIO_1[25] -entity DE1_SoC was ignored
    Warning (20014): Assignment for entity set_instance_assignment -name IO_STANDARD "3.3-V LVTTL" -to GPIO_1[26] -entity DE1_SoC was ignored
    Warning (20014): Assignment for entity set_instance_assignment -name IO_STANDARD "3.3-V LVTTL" -to GPIO_1[27] -entity DE1_SoC was ignored
    Warning (20014): Assignment for entity set_instance_assignment -name IO_STANDARD "3.3-V LVTTL" -to GPIO_1[28] -entity DE1_SoC was ignored
    Warning (20014): Assignment for entity set_instance_assignment -name IO_STANDARD "3.3-V LVTTL" -to GPIO_1[29] -entity DE1_SoC was ignored
    Warning (20014): Assignment for entity set_instance_assignment -name IO_STANDARD "3.3-V LVTTL" -to GPIO_1[2] -entity DE1_SoC was ignored
    Warning (20014): Assignment for entity set_instance_assignment -name IO_STANDARD "3.3-V LVTTL" -to GPIO_1[30] -entity DE1_SoC was ignored
    Warning (20014): Assignment for entity set_instance_assignment -name IO_STANDARD "3.3-V LVTTL" -to GPIO_1[31] -entity DE1_SoC was ignored
    Warning (20014): Assignment for entity set_instance_assignment -name IO_STANDARD "3.3-V LVTTL" -to GPIO_1[32] -entity DE1_SoC was ignored
    Warning (20014): Assignment for entity set_instance_assignment -name IO_STANDARD "3.3-V LVTTL" -to GPIO_1[33] -entity DE1_SoC was ignored
    Warning (20014): Assignment for entity set_instance_assignment -name IO_STANDARD "3.3-V LVTTL" -to GPIO_1[34] -entity DE1_SoC was ignored
    Warning (20014): Assignment for entity set_instance_assignment -name IO_STANDARD "3.3-V LVTTL" -to GPIO_1[35] -entity DE1_SoC was ignored
    Warning (20014): Assignment for entity set_instance_assignment -name IO_STANDARD "3.3-V LVTTL" -to GPIO_1[3] -entity DE1_SoC was ignored
    Warning (20014): Assignment for entity set_instance_assignment -name IO_STANDARD "3.3-V LVTTL" -to GPIO_1[4] -entity DE1_SoC was ignored
    Warning (20014): Assignment for entity set_instance_assignment -name IO_STANDARD "3.3-V LVTTL" -to GPIO_1[5] -entity DE1_SoC was ignored
    Warning (20014): Assignment for entity set_instance_assignment -name IO_STANDARD "3.3-V LVTTL" -to GPIO_1[6] -entity DE1_SoC was ignored
    Warning (20014): Assignment for entity set_instance_assignment -name IO_STANDARD "3.3-V LVTTL" -to GPIO_1[7] -entity DE1_SoC was ignored
    Warning (20014): Assignment for entity set_instance_assignment -name IO_STANDARD "3.3-V LVTTL" -to GPIO_1[8] -entity DE1_SoC was ignored
    Warning (20014): Assignment for entity set_instance_assignment -name IO_STANDARD "3.3-V LVTTL" -to GPIO_1[9] -entity DE1_SoC was ignored
    Warning (20014): Assignment for entity set_instance_assignment -name IO_STANDARD "3.3-V LVTTL" -to HEX0[0] -entity DE1_SoC was ignored
    Warning (20014): Assignment for entity set_instance_assignment -name IO_STANDARD "3.3-V LVTTL" -to HEX0[1] -entity DE1_SoC was ignored
    Warning (20014): Assignment for entity set_instance_assignment -name IO_STANDARD "3.3-V LVTTL" -to HEX0[2] -entity DE1_SoC was ignored
    Warning (20014): Assignment for entity set_instance_assignment -name IO_STANDARD "3.3-V LVTTL" -to HEX0[3] -entity DE1_SoC was ignored
    Warning (20014): Assignment for entity set_instance_assignment -name IO_STANDARD "3.3-V LVTTL" -to HEX0[4] -entity DE1_SoC was ignored
    Warning (20014): Assignment for entity set_instance_assignment -name IO_STANDARD "3.3-V LVTTL" -to HEX0[5] -entity DE1_SoC was ignored
    Warning (20014): Assignment for entity set_instance_assignment -name IO_STANDARD "3.3-V LVTTL" -to HEX0[6] -entity DE1_SoC was ignored
    Warning (20014): Assignment for entity set_instance_assignment -name IO_STANDARD "3.3-V LVTTL" -to HEX1[0] -entity DE1_SoC was ignored
    Warning (20014): Assignment for entity set_instance_assignment -name IO_STANDARD "3.3-V LVTTL" -to HEX1[1] -entity DE1_SoC was ignored
    Warning (20014): Assignment for entity set_instance_assignment -name IO_STANDARD "3.3-V LVTTL" -to HEX1[2] -entity DE1_SoC was ignored
    Warning (20014): Assignment for entity set_instance_assignment -name IO_STANDARD "3.3-V LVTTL" -to HEX1[3] -entity DE1_SoC was ignored
    Warning (20014): Assignment for entity set_instance_assignment -name IO_STANDARD "3.3-V LVTTL" -to HEX1[4] -entity DE1_SoC was ignored
    Warning (20014): Assignment for entity set_instance_assignment -name IO_STANDARD "3.3-V LVTTL" -to HEX1[5] -entity DE1_SoC was ignored
    Warning (20014): Assignment for entity set_instance_assignment -name IO_STANDARD "3.3-V LVTTL" -to HEX1[6] -entity DE1_SoC was ignored
    Warning (20014): Assignment for entity set_instance_assignment -name IO_STANDARD "3.3-V LVTTL" -to HEX2[0] -entity DE1_SoC was ignored
    Warning (20014): Assignment for entity set_instance_assignment -name IO_STANDARD "3.3-V LVTTL" -to HEX2[1] -entity DE1_SoC was ignored
    Warning (20014): Assignment for entity set_instance_assignment -name IO_STANDARD "3.3-V LVTTL" -to HEX2[2] -entity DE1_SoC was ignored
    Warning (20014): Assignment for entity set_instance_assignment -name IO_STANDARD "3.3-V LVTTL" -to HEX2[3] -entity DE1_SoC was ignored
    Warning (20014): Assignment for entity set_instance_assignment -name IO_STANDARD "3.3-V LVTTL" -to HEX2[4] -entity DE1_SoC was ignored
    Warning (20014): Assignment for entity set_instance_assignment -name IO_STANDARD "3.3-V LVTTL" -to HEX2[5] -entity DE1_SoC was ignored
    Warning (20014): Assignment for entity set_instance_assignment -name IO_STANDARD "3.3-V LVTTL" -to HEX2[6] -entity DE1_SoC was ignored
    Warning (20014): Assignment for entity set_instance_assignment -name IO_STANDARD "3.3-V LVTTL" -to HEX3[0] -entity DE1_SoC was ignored
    Warning (20014): Assignment for entity set_instance_assignment -name IO_STANDARD "3.3-V LVTTL" -to HEX3[1] -entity DE1_SoC was ignored
    Warning (20014): Assignment for entity set_instance_assignment -name IO_STANDARD "3.3-V LVTTL" -to HEX3[2] -entity DE1_SoC was ignored
    Warning (20014): Assignment for entity set_instance_assignment -name IO_STANDARD "3.3-V LVTTL" -to HEX3[3] -entity DE1_SoC was ignored
    Warning (20014): Assignment for entity set_instance_assignment -name IO_STANDARD "3.3-V LVTTL" -to HEX3[4] -entity DE1_SoC was ignored
    Warning (20014): Assignment for entity set_instance_assignment -name IO_STANDARD "3.3-V LVTTL" -to HEX3[5] -entity DE1_SoC was ignored
    Warning (20014): Assignment for entity set_instance_assignment -name IO_STANDARD "3.3-V LVTTL" -to HEX3[6] -entity DE1_SoC was ignored
    Warning (20014): Assignment for entity set_instance_assignment -name IO_STANDARD "3.3-V LVTTL" -to HEX4[0] -entity DE1_SoC was ignored
    Warning (20014): Assignment for entity set_instance_assignment -name IO_STANDARD "3.3-V LVTTL" -to HEX4[1] -entity DE1_SoC was ignored
    Warning (20014): Assignment for entity set_instance_assignment -name IO_STANDARD "3.3-V LVTTL" -to HEX4[2] -entity DE1_SoC was ignored
    Warning (20014): Assignment for entity set_instance_assignment -name IO_STANDARD "3.3-V LVTTL" -to HEX4[3] -entity DE1_SoC was ignored
    Warning (20014): Assignment for entity set_instance_assignment -name IO_STANDARD "3.3-V LVTTL" -to HEX4[4] -entity DE1_SoC was ignored
    Warning (20014): Assignment for entity set_instance_assignment -name IO_STANDARD "3.3-V LVTTL" -to HEX4[5] -entity DE1_SoC was ignored
    Warning (20014): Assignment for entity set_instance_assignment -name IO_STANDARD "3.3-V LVTTL" -to HEX4[6] -entity DE1_SoC was ignored
    Warning (20014): Assignment for entity set_instance_assignment -name IO_STANDARD "3.3-V LVTTL" -to HEX5[0] -entity DE1_SoC was ignored
    Warning (20014): Assignment for entity set_instance_assignment -name IO_STANDARD "3.3-V LVTTL" -to HEX5[1] -entity DE1_SoC was ignored
    Warning (20014): Assignment for entity set_instance_assignment -name IO_STANDARD "3.3-V LVTTL" -to HEX5[2] -entity DE1_SoC was ignored
    Warning (20014): Assignment for entity set_instance_assignment -name IO_STANDARD "3.3-V LVTTL" -to HEX5[3] -entity DE1_SoC was ignored
    Warning (20014): Assignment for entity set_instance_assignment -name IO_STANDARD "3.3-V LVTTL" -to HEX5[4] -entity DE1_SoC was ignored
    Warning (20014): Assignment for entity set_instance_assignment -name IO_STANDARD "3.3-V LVTTL" -to HEX5[5] -entity DE1_SoC was ignored
    Warning (20014): Assignment for entity set_instance_assignment -name IO_STANDARD "3.3-V LVTTL" -to HEX5[6] -entity DE1_SoC was ignored
    Warning (20014): Assignment for entity set_instance_assignment -name IO_STANDARD "3.3-V LVTTL" -to HPS_CONV_USB_N -entity DE1_SoC was ignored
    Warning (20014): Assignment for entity set_instance_assignment -name IO_STANDARD "SSTL-15 CLASS I" -to HPS_DDR3_ADDR[0] -entity DE1_SoC was ignored
    Warning (20014): Assignment for entity set_instance_assignment -name IO_STANDARD "SSTL-15 CLASS I" -to HPS_DDR3_ADDR[10] -entity DE1_SoC was ignored
    Warning (20014): Assignment for entity set_instance_assignment -name IO_STANDARD "SSTL-15 CLASS I" -to HPS_DDR3_ADDR[11] -entity DE1_SoC was ignored
    Warning (20014): Assignment for entity set_instance_assignment -name IO_STANDARD "SSTL-15 CLASS I" -to HPS_DDR3_ADDR[12] -entity DE1_SoC was ignored
    Warning (20014): Assignment for entity set_instance_assignment -name IO_STANDARD "SSTL-15 CLASS I" -to HPS_DDR3_ADDR[13] -entity DE1_SoC was ignored
    Warning (20014): Assignment for entity set_instance_assignment -name IO_STANDARD "SSTL-15 CLASS I" -to HPS_DDR3_ADDR[14] -entity DE1_SoC was ignored
    Warning (20014): Assignment for entity set_instance_assignment -name IO_STANDARD "SSTL-15 CLASS I" -to HPS_DDR3_ADDR[1] -entity DE1_SoC was ignored
    Warning (20014): Assignment for entity set_instance_assignment -name IO_STANDARD "SSTL-15 CLASS I" -to HPS_DDR3_ADDR[2] -entity DE1_SoC was ignored
    Warning (20014): Assignment for entity set_instance_assignment -name IO_STANDARD "SSTL-15 CLASS I" -to HPS_DDR3_ADDR[3] -entity DE1_SoC was ignored
    Warning (20014): Assignment for entity set_instance_assignment -name IO_STANDARD "SSTL-15 CLASS I" -to HPS_DDR3_ADDR[4] -entity DE1_SoC was ignored
    Warning (20014): Assignment for entity set_instance_assignment -name IO_STANDARD "SSTL-15 CLASS I" -to HPS_DDR3_ADDR[5] -entity DE1_SoC was ignored
    Warning (20014): Assignment for entity set_instance_assignment -name IO_STANDARD "SSTL-15 CLASS I" -to HPS_DDR3_ADDR[6] -entity DE1_SoC was ignored
    Warning (20014): Assignment for entity set_instance_assignment -name IO_STANDARD "SSTL-15 CLASS I" -to HPS_DDR3_ADDR[7] -entity DE1_SoC was ignored
    Warning (20014): Assignment for entity set_instance_assignment -name IO_STANDARD "SSTL-15 CLASS I" -to HPS_DDR3_ADDR[8] -entity DE1_SoC was ignored
    Warning (20014): Assignment for entity set_instance_assignment -name IO_STANDARD "SSTL-15 CLASS I" -to HPS_DDR3_ADDR[9] -entity DE1_SoC was ignored
    Warning (20014): Assignment for entity set_instance_assignment -name IO_STANDARD "SSTL-15 CLASS I" -to HPS_DDR3_BA[0] -entity DE1_SoC was ignored
    Warning (20014): Assignment for entity set_instance_assignment -name IO_STANDARD "SSTL-15 CLASS I" -to HPS_DDR3_BA[1] -entity DE1_SoC was ignored
    Warning (20014): Assignment for entity set_instance_assignment -name IO_STANDARD "SSTL-15 CLASS I" -to HPS_DDR3_BA[2] -entity DE1_SoC was ignored
    Warning (20014): Assignment for entity set_instance_assignment -name IO_STANDARD "SSTL-15 CLASS I" -to HPS_DDR3_CAS_N -entity DE1_SoC was ignored
    Warning (20014): Assignment for entity set_instance_assignment -name IO_STANDARD "SSTL-15 CLASS I" -to HPS_DDR3_CKE -entity DE1_SoC was ignored
    Warning (20014): Assignment for entity set_instance_assignment -name IO_STANDARD "DIFFERENTIAL 1.5-V SSTL CLASS I" -to HPS_DDR3_CK_N -entity DE1_SoC was ignored
    Warning (20014): Assignment for entity set_instance_assignment -name IO_STANDARD "DIFFERENTIAL 1.5-V SSTL CLASS I" -to HPS_DDR3_CK_P -entity DE1_SoC was ignored
    Warning (20014): Assignment for entity set_instance_assignment -name IO_STANDARD "SSTL-15 CLASS I" -to HPS_DDR3_CS_N -entity DE1_SoC was ignored
    Warning (20014): Assignment for entity set_instance_assignment -name IO_STANDARD "SSTL-15 CLASS I" -to HPS_DDR3_DM[0] -entity DE1_SoC was ignored
    Warning (20014): Assignment for entity set_instance_assignment -name IO_STANDARD "SSTL-15 CLASS I" -to HPS_DDR3_DM[1] -entity DE1_SoC was ignored
    Warning (20014): Assignment for entity set_instance_assignment -name IO_STANDARD "SSTL-15 CLASS I" -to HPS_DDR3_DM[2] -entity DE1_SoC was ignored
    Warning (20014): Assignment for entity set_instance_assignment -name IO_STANDARD "SSTL-15 CLASS I" -to HPS_DDR3_DM[3] -entity DE1_SoC was ignored
    Warning (20014): Assignment for entity set_instance_assignment -name IO_STANDARD "DIFFERENTIAL 1.5-V SSTL CLASS I" -to HPS_DDR3_DQS_N[0] -entity DE1_SoC was ignored
    Warning (20014): Assignment for entity set_instance_assignment -name IO_STANDARD "DIFFERENTIAL 1.5-V SSTL CLASS I" -to HPS_DDR3_DQS_N[1] -entity DE1_SoC was ignored
    Warning (20014): Assignment for entity set_instance_assignment -name IO_STANDARD "DIFFERENTIAL 1.5-V SSTL CLASS I" -to HPS_DDR3_DQS_N[2] -entity DE1_SoC was ignored
    Warning (20014): Assignment for entity set_instance_assignment -name IO_STANDARD "DIFFERENTIAL 1.5-V SSTL CLASS I" -to HPS_DDR3_DQS_N[3] -entity DE1_SoC was ignored
    Warning (20014): Assignment for entity set_instance_assignment -name IO_STANDARD "DIFFERENTIAL 1.5-V SSTL CLASS I" -to HPS_DDR3_DQS_P[0] -entity DE1_SoC was ignored
    Warning (20014): Assignment for entity set_instance_assignment -name IO_STANDARD "DIFFERENTIAL 1.5-V SSTL CLASS I" -to HPS_DDR3_DQS_P[1] -entity DE1_SoC was ignored
    Warning (20014): Assignment for entity set_instance_assignment -name IO_STANDARD "DIFFERENTIAL 1.5-V SSTL CLASS I" -to HPS_DDR3_DQS_P[2] -entity DE1_SoC was ignored
    Warning (20014): Assignment for entity set_instance_assignment -name IO_STANDARD "DIFFERENTIAL 1.5-V SSTL CLASS I" -to HPS_DDR3_DQS_P[3] -entity DE1_SoC was ignored
    Warning (20014): Assignment for entity set_instance_assignment -name IO_STANDARD "SSTL-15 CLASS I" -to HPS_DDR3_DQ[0] -entity DE1_SoC was ignored
    Warning (20014): Assignment for entity set_instance_assignment -name IO_STANDARD "SSTL-15 CLASS I" -to HPS_DDR3_DQ[10] -entity DE1_SoC was ignored
    Warning (20014): Assignment for entity set_instance_assignment -name IO_STANDARD "SSTL-15 CLASS I" -to HPS_DDR3_DQ[11] -entity DE1_SoC was ignored
    Warning (20014): Assignment for entity set_instance_assignment -name IO_STANDARD "SSTL-15 CLASS I" -to HPS_DDR3_DQ[12] -entity DE1_SoC was ignored
    Warning (20014): Assignment for entity set_instance_assignment -name IO_STANDARD "SSTL-15 CLASS I" -to HPS_DDR3_DQ[13] -entity DE1_SoC was ignored
    Warning (20014): Assignment for entity set_instance_assignment -name IO_STANDARD "SSTL-15 CLASS I" -to HPS_DDR3_DQ[14] -entity DE1_SoC was ignored
    Warning (20014): Assignment for entity set_instance_assignment -name IO_STANDARD "SSTL-15 CLASS I" -to HPS_DDR3_DQ[15] -entity DE1_SoC was ignored
    Warning (20014): Assignment for entity set_instance_assignment -name IO_STANDARD "SSTL-15 CLASS I" -to HPS_DDR3_DQ[16] -entity DE1_SoC was ignored
    Warning (20014): Assignment for entity set_instance_assignment -name IO_STANDARD "SSTL-15 CLASS I" -to HPS_DDR3_DQ[17] -entity DE1_SoC was ignored
    Warning (20014): Assignment for entity set_instance_assignment -name IO_STANDARD "SSTL-15 CLASS I" -to HPS_DDR3_DQ[18] -entity DE1_SoC was ignored
    Warning (20014): Assignment for entity set_instance_assignment -name IO_STANDARD "SSTL-15 CLASS I" -to HPS_DDR3_DQ[19] -entity DE1_SoC was ignored
    Warning (20014): Assignment for entity set_instance_assignment -name IO_STANDARD "SSTL-15 CLASS I" -to HPS_DDR3_DQ[1] -entity DE1_SoC was ignored
    Warning (20014): Assignment for entity set_instance_assignment -name IO_STANDARD "SSTL-15 CLASS I" -to HPS_DDR3_DQ[20] -entity DE1_SoC was ignored
    Warning (20014): Assignment for entity set_instance_assignment -name IO_STANDARD "SSTL-15 CLASS I" -to HPS_DDR3_DQ[21] -entity DE1_SoC was ignored
    Warning (20014): Assignment for entity set_instance_assignment -name IO_STANDARD "SSTL-15 CLASS I" -to HPS_DDR3_DQ[22] -entity DE1_SoC was ignored
    Warning (20014): Assignment for entity set_instance_assignment -name IO_STANDARD "SSTL-15 CLASS I" -to HPS_DDR3_DQ[23] -entity DE1_SoC was ignored
    Warning (20014): Assignment for entity set_instance_assignment -name IO_STANDARD "SSTL-15 CLASS I" -to HPS_DDR3_DQ[24] -entity DE1_SoC was ignored
    Warning (20014): Assignment for entity set_instance_assignment -name IO_STANDARD "SSTL-15 CLASS I" -to HPS_DDR3_DQ[25] -entity DE1_SoC was ignored
    Warning (20014): Assignment for entity set_instance_assignment -name IO_STANDARD "SSTL-15 CLASS I" -to HPS_DDR3_DQ[26] -entity DE1_SoC was ignored
    Warning (20014): Assignment for entity set_instance_assignment -name IO_STANDARD "SSTL-15 CLASS I" -to HPS_DDR3_DQ[27] -entity DE1_SoC was ignored
    Warning (20014): Assignment for entity set_instance_assignment -name IO_STANDARD "SSTL-15 CLASS I" -to HPS_DDR3_DQ[28] -entity DE1_SoC was ignored
    Warning (20014): Assignment for entity set_instance_assignment -name IO_STANDARD "SSTL-15 CLASS I" -to HPS_DDR3_DQ[29] -entity DE1_SoC was ignored
    Warning (20014): Assignment for entity set_instance_assignment -name IO_STANDARD "SSTL-15 CLASS I" -to HPS_DDR3_DQ[2] -entity DE1_SoC was ignored
    Warning (20014): Assignment for entity set_instance_assignment -name IO_STANDARD "SSTL-15 CLASS I" -to HPS_DDR3_DQ[30] -entity DE1_SoC was ignored
    Warning (20014): Assignment for entity set_instance_assignment -name IO_STANDARD "SSTL-15 CLASS I" -to HPS_DDR3_DQ[31] -entity DE1_SoC was ignored
    Warning (20014): Assignment for entity set_instance_assignment -name IO_STANDARD "SSTL-15 CLASS I" -to HPS_DDR3_DQ[3] -entity DE1_SoC was ignored
    Warning (20014): Assignment for entity set_instance_assignment -name IO_STANDARD "SSTL-15 CLASS I" -to HPS_DDR3_DQ[4] -entity DE1_SoC was ignored
    Warning (20014): Assignment for entity set_instance_assignment -name IO_STANDARD "SSTL-15 CLASS I" -to HPS_DDR3_DQ[5] -entity DE1_SoC was ignored
    Warning (20014): Assignment for entity set_instance_assignment -name IO_STANDARD "SSTL-15 CLASS I" -to HPS_DDR3_DQ[6] -entity DE1_SoC was ignored
    Warning (20014): Assignment for entity set_instance_assignment -name IO_STANDARD "SSTL-15 CLASS I" -to HPS_DDR3_DQ[7] -entity DE1_SoC was ignored
    Warning (20014): Assignment for entity set_instance_assignment -name IO_STANDARD "SSTL-15 CLASS I" -to HPS_DDR3_DQ[8] -entity DE1_SoC was ignored
    Warning (20014): Assignment for entity set_instance_assignment -name IO_STANDARD "SSTL-15 CLASS I" -to HPS_DDR3_DQ[9] -entity DE1_SoC was ignored
    Warning (20014): Assignment for entity set_instance_assignment -name IO_STANDARD "SSTL-15 CLASS I" -to HPS_DDR3_ODT -entity DE1_SoC was ignored
    Warning (20014): Assignment for entity set_instance_assignment -name IO_STANDARD "SSTL-15 CLASS I" -to HPS_DDR3_RAS_N -entity DE1_SoC was ignored
    Warning (20014): Assignment for entity set_instance_assignment -name IO_STANDARD "SSTL-15 CLASS I" -to HPS_DDR3_RESET_N -entity DE1_SoC was ignored
    Warning (20014): Assignment for entity set_instance_assignment -name IO_STANDARD "SSTL-15 CLASS I" -to HPS_DDR3_RZQ -entity DE1_SoC was ignored
    Warning (20014): Assignment for entity set_instance_assignment -name IO_STANDARD "SSTL-15 CLASS I" -to HPS_DDR3_WE_N -entity DE1_SoC was ignored
    Warning (20014): Assignment for entity set_instance_assignment -name IO_STANDARD "3.3-V LVTTL" -to HPS_ENET_GTX_CLK -entity DE1_SoC was ignored
    Warning (20014): Assignment for entity set_instance_assignment -name IO_STANDARD "3.3-V LVTTL" -to HPS_ENET_INT_N -entity DE1_SoC was ignored
    Warning (20014): Assignment for entity set_instance_assignment -name IO_STANDARD "3.3-V LVTTL" -to HPS_ENET_MDC -entity DE1_SoC was ignored
    Warning (20014): Assignment for entity set_instance_assignment -name IO_STANDARD "3.3-V LVTTL" -to HPS_ENET_MDIO -entity DE1_SoC was ignored
    Warning (20014): Assignment for entity set_instance_assignment -name IO_STANDARD "3.3-V LVTTL" -to HPS_ENET_RX_CLK -entity DE1_SoC was ignored
    Warning (20014): Assignment for entity set_instance_assignment -name IO_STANDARD "3.3-V LVTTL" -to HPS_ENET_RX_DATA[0] -entity DE1_SoC was ignored
    Warning (20014): Assignment for entity set_instance_assignment -name IO_STANDARD "3.3-V LVTTL" -to HPS_ENET_RX_DATA[1] -entity DE1_SoC was ignored
    Warning (20014): Assignment for entity set_instance_assignment -name IO_STANDARD "3.3-V LVTTL" -to HPS_ENET_RX_DATA[2] -entity DE1_SoC was ignored
    Warning (20014): Assignment for entity set_instance_assignment -name IO_STANDARD "3.3-V LVTTL" -to HPS_ENET_RX_DATA[3] -entity DE1_SoC was ignored
    Warning (20014): Assignment for entity set_instance_assignment -name IO_STANDARD "3.3-V LVTTL" -to HPS_ENET_RX_DV -entity DE1_SoC was ignored
    Warning (20014): Assignment for entity set_instance_assignment -name IO_STANDARD "3.3-V LVTTL" -to HPS_ENET_TX_DATA[0] -entity DE1_SoC was ignored
    Warning (20014): Assignment for entity set_instance_assignment -name IO_STANDARD "3.3-V LVTTL" -to HPS_ENET_TX_DATA[1] -entity DE1_SoC was ignored
    Warning (20014): Assignment for entity set_instance_assignment -name IO_STANDARD "3.3-V LVTTL" -to HPS_ENET_TX_DATA[2] -entity DE1_SoC was ignored
    Warning (20014): Assignment for entity set_instance_assignment -name IO_STANDARD "3.3-V LVTTL" -to HPS_ENET_TX_DATA[3] -entity DE1_SoC was ignored
    Warning (20014): Assignment for entity set_instance_assignment -name IO_STANDARD "3.3-V LVTTL" -to HPS_ENET_TX_EN -entity DE1_SoC was ignored
    Warning (20014): Assignment for entity set_instance_assignment -name IO_STANDARD "3.3-V LVTTL" -to HPS_FLASH_DATA[0] -entity DE1_SoC was ignored
    Warning (20014): Assignment for entity set_instance_assignment -name IO_STANDARD "3.3-V LVTTL" -to HPS_FLASH_DATA[1] -entity DE1_SoC was ignored
    Warning (20014): Assignment for entity set_instance_assignment -name IO_STANDARD "3.3-V LVTTL" -to HPS_FLASH_DATA[2] -entity DE1_SoC was ignored
    Warning (20014): Assignment for entity set_instance_assignment -name IO_STANDARD "3.3-V LVTTL" -to HPS_FLASH_DATA[3] -entity DE1_SoC was ignored
    Warning (20014): Assignment for entity set_instance_assignment -name IO_STANDARD "3.3-V LVTTL" -to HPS_FLASH_DCLK -entity DE1_SoC was ignored
    Warning (20014): Assignment for entity set_instance_assignment -name IO_STANDARD "3.3-V LVTTL" -to HPS_FLASH_NCSO -entity DE1_SoC was ignored
    Warning (20014): Assignment for entity set_instance_assignment -name IO_STANDARD "3.3-V LVTTL" -to HPS_GPIO[0] -entity DE1_SoC was ignored
    Warning (20014): Assignment for entity set_instance_assignment -name IO_STANDARD "3.3-V LVTTL" -to HPS_GPIO[1] -entity DE1_SoC was ignored
    Warning (20014): Assignment for entity set_instance_assignment -name IO_STANDARD "3.3-V LVTTL" -to HPS_GSENSOR_INT -entity DE1_SoC was ignored
    Warning (20014): Assignment for entity set_instance_assignment -name IO_STANDARD "3.3-V LVTTL" -to HPS_I2C1_SCLK -entity DE1_SoC was ignored
    Warning (20014): Assignment for entity set_instance_assignment -name IO_STANDARD "3.3-V LVTTL" -to HPS_I2C1_SDAT -entity DE1_SoC was ignored
    Warning (20014): Assignment for entity set_instance_assignment -name IO_STANDARD "3.3-V LVTTL" -to HPS_I2C2_SCLK -entity DE1_SoC was ignored
    Warning (20014): Assignment for entity set_instance_assignment -name IO_STANDARD "3.3-V LVTTL" -to HPS_I2C2_SDAT -entity DE1_SoC was ignored
    Warning (20014): Assignment for entity set_instance_assignment -name IO_STANDARD "3.3-V LVTTL" -to HPS_I2C_CONTROL -entity DE1_SoC was ignored
    Warning (20014): Assignment for entity set_instance_assignment -name IO_STANDARD "3.3-V LVTTL" -to HPS_KEY -entity DE1_SoC was ignored
    Warning (20014): Assignment for entity set_instance_assignment -name IO_STANDARD "3.3-V LVTTL" -to HPS_LED -entity DE1_SoC was ignored
    Warning (20014): Assignment for entity set_instance_assignment -name IO_STANDARD "3.3-V LVTTL" -to HPS_LTC_GPIO -entity DE1_SoC was ignored
    Warning (20014): Assignment for entity set_instance_assignment -name IO_STANDARD "3.3-V LVTTL" -to HPS_SD_CLK -entity DE1_SoC was ignored
    Warning (20014): Assignment for entity set_instance_assignment -name IO_STANDARD "3.3-V LVTTL" -to HPS_SD_CMD -entity DE1_SoC was ignored
    Warning (20014): Assignment for entity set_instance_assignment -name IO_STANDARD "3.3-V LVTTL" -to HPS_SD_DATA[0] -entity DE1_SoC was ignored
    Warning (20014): Assignment for entity set_instance_assignment -name IO_STANDARD "3.3-V LVTTL" -to HPS_SD_DATA[1] -entity DE1_SoC was ignored
    Warning (20014): Assignment for entity set_instance_assignment -name IO_STANDARD "3.3-V LVTTL" -to HPS_SD_DATA[2] -entity DE1_SoC was ignored
    Warning (20014): Assignment for entity set_instance_assignment -name IO_STANDARD "3.3-V LVTTL" -to HPS_SD_DATA[3] -entity DE1_SoC was ignored
    Warning (20014): Assignment for entity set_instance_assignment -name IO_STANDARD "3.3-V LVTTL" -to HPS_SPIM_CLK -entity DE1_SoC was ignored
    Warning (20014): Assignment for entity set_instance_assignment -name IO_STANDARD "3.3-V LVTTL" -to HPS_SPIM_MISO -entity DE1_SoC was ignored
    Warning (20014): Assignment for entity set_instance_assignment -name IO_STANDARD "3.3-V LVTTL" -to HPS_SPIM_MOSI -entity DE1_SoC was ignored
    Warning (20014): Assignment for entity set_instance_assignment -name IO_STANDARD "3.3-V LVTTL" -to HPS_SPIM_SS -entity DE1_SoC was ignored
    Warning (20014): Assignment for entity set_instance_assignment -name IO_STANDARD "3.3-V LVTTL" -to HPS_UART_RX -entity DE1_SoC was ignored
    Warning (20014): Assignment for entity set_instance_assignment -name IO_STANDARD "3.3-V LVTTL" -to HPS_UART_TX -entity DE1_SoC was ignored
    Warning (20014): Assignment for entity set_instance_assignment -name IO_STANDARD "3.3-V LVTTL" -to HPS_USB_CLKOUT -entity DE1_SoC was ignored
    Warning (20014): Assignment for entity set_instance_assignment -name IO_STANDARD "3.3-V LVTTL" -to HPS_USB_DATA[0] -entity DE1_SoC was ignored
    Warning (20014): Assignment for entity set_instance_assignment -name IO_STANDARD "3.3-V LVTTL" -to HPS_USB_DATA[1] -entity DE1_SoC was ignored
    Warning (20014): Assignment for entity set_instance_assignment -name IO_STANDARD "3.3-V LVTTL" -to HPS_USB_DATA[2] -entity DE1_SoC was ignored
    Warning (20014): Assignment for entity set_instance_assignment -name IO_STANDARD "3.3-V LVTTL" -to HPS_USB_DATA[3] -entity DE1_SoC was ignored
    Warning (20014): Assignment for entity set_instance_assignment -name IO_STANDARD "3.3-V LVTTL" -to HPS_USB_DATA[4] -entity DE1_SoC was ignored
    Warning (20014): Assignment for entity set_instance_assignment -name IO_STANDARD "3.3-V LVTTL" -to HPS_USB_DATA[5] -entity DE1_SoC was ignored
    Warning (20014): Assignment for entity set_instance_assignment -name IO_STANDARD "3.3-V LVTTL" -to HPS_USB_DATA[6] -entity DE1_SoC was ignored
    Warning (20014): Assignment for entity set_instance_assignment -name IO_STANDARD "3.3-V LVTTL" -to HPS_USB_DATA[7] -entity DE1_SoC was ignored
    Warning (20014): Assignment for entity set_instance_assignment -name IO_STANDARD "3.3-V LVTTL" -to HPS_USB_DIR -entity DE1_SoC was ignored
    Warning (20014): Assignment for entity set_instance_assignment -name IO_STANDARD "3.3-V LVTTL" -to HPS_USB_NXT -entity DE1_SoC was ignored
    Warning (20014): Assignment for entity set_instance_assignment -name IO_STANDARD "3.3-V LVTTL" -to HPS_USB_STP -entity DE1_SoC was ignored
    Warning (20014): Assignment for entity set_instance_assignment -name IO_STANDARD "3.3-V LVTTL" -to IRDA_RXD -entity DE1_SoC was ignored
    Warning (20014): Assignment for entity set_instance_assignment -name IO_STANDARD "3.3-V LVTTL" -to IRDA_TXD -entity DE1_SoC was ignored
    Warning (20014): Assignment for entity set_instance_assignment -name IO_STANDARD "3.3-V LVTTL" -to KEY[0] -entity DE1_SoC was ignored
    Warning (20014): Assignment for entity set_instance_assignment -name IO_STANDARD "3.3-V LVTTL" -to KEY[1] -entity DE1_SoC was ignored
    Warning (20014): Assignment for entity set_instance_assignment -name IO_STANDARD "3.3-V LVTTL" -to KEY[2] -entity DE1_SoC was ignored
    Warning (20014): Assignment for entity set_instance_assignment -name IO_STANDARD "3.3-V LVTTL" -to KEY[3] -entity DE1_SoC was ignored
    Warning (20014): Assignment for entity set_instance_assignment -name IO_STANDARD "3.3-V LVTTL" -to LEDR[0] -entity DE1_SoC was ignored
    Warning (20014): Assignment for entity set_instance_assignment -name IO_STANDARD "3.3-V LVTTL" -to LEDR[1] -entity DE1_SoC was ignored
    Warning (20014): Assignment for entity set_instance_assignment -name IO_STANDARD "3.3-V LVTTL" -to LEDR[2] -entity DE1_SoC was ignored
    Warning (20014): Assignment for entity set_instance_assignment -name IO_STANDARD "3.3-V LVTTL" -to LEDR[3] -entity DE1_SoC was ignored
    Warning (20014): Assignment for entity set_instance_assignment -name IO_STANDARD "3.3-V LVTTL" -to LEDR[4] -entity DE1_SoC was ignored
    Warning (20014): Assignment for entity set_instance_assignment -name IO_STANDARD "3.3-V LVTTL" -to LEDR[5] -entity DE1_SoC was ignored
    Warning (20014): Assignment for entity set_instance_assignment -name IO_STANDARD "3.3-V LVTTL" -to LEDR[6] -entity DE1_SoC was ignored
    Warning (20014): Assignment for entity set_instance_assignment -name IO_STANDARD "3.3-V LVTTL" -to LEDR[7] -entity DE1_SoC was ignored
    Warning (20014): Assignment for entity set_instance_assignment -name IO_STANDARD "3.3-V LVTTL" -to LEDR[8] -entity DE1_SoC was ignored
    Warning (20014): Assignment for entity set_instance_assignment -name IO_STANDARD "3.3-V LVTTL" -to LEDR[9] -entity DE1_SoC was ignored
    Warning (20014): Assignment for entity set_instance_assignment -name IO_STANDARD "3.3-V LVTTL" -to PS2_CLK -entity DE1_SoC was ignored
    Warning (20014): Assignment for entity set_instance_assignment -name IO_STANDARD "3.3-V LVTTL" -to PS2_CLK2 -entity DE1_SoC was ignored
    Warning (20014): Assignment for entity set_instance_assignment -name IO_STANDARD "3.3-V LVTTL" -to PS2_DAT -entity DE1_SoC was ignored
    Warning (20014): Assignment for entity set_instance_assignment -name IO_STANDARD "3.3-V LVTTL" -to PS2_DAT2 -entity DE1_SoC was ignored
    Warning (20014): Assignment for entity set_instance_assignment -name IO_STANDARD "3.3-V LVTTL" -to SW[0] -entity DE1_SoC was ignored
    Warning (20014): Assignment for entity set_instance_assignment -name IO_STANDARD "3.3-V LVTTL" -to SW[1] -entity DE1_SoC was ignored
    Warning (20014): Assignment for entity set_instance_assignment -name IO_STANDARD "3.3-V LVTTL" -to SW[2] -entity DE1_SoC was ignored
    Warning (20014): Assignment for entity set_instance_assignment -name IO_STANDARD "3.3-V LVTTL" -to SW[3] -entity DE1_SoC was ignored
    Warning (20014): Assignment for entity set_instance_assignment -name IO_STANDARD "3.3-V LVTTL" -to SW[4] -entity DE1_SoC was ignored
    Warning (20014): Assignment for entity set_instance_assignment -name IO_STANDARD "3.3-V LVTTL" -to SW[5] -entity DE1_SoC was ignored
    Warning (20014): Assignment for entity set_instance_assignment -name IO_STANDARD "3.3-V LVTTL" -to SW[6] -entity DE1_SoC was ignored
    Warning (20014): Assignment for entity set_instance_assignment -name IO_STANDARD "3.3-V LVTTL" -to SW[7] -entity DE1_SoC was ignored
    Warning (20014): Assignment for entity set_instance_assignment -name IO_STANDARD "3.3-V LVTTL" -to SW[8] -entity DE1_SoC was ignored
    Warning (20014): Assignment for entity set_instance_assignment -name IO_STANDARD "3.3-V LVTTL" -to SW[9] -entity DE1_SoC was ignored
    Warning (20014): Assignment for entity set_instance_assignment -name IO_STANDARD "3.3-V LVTTL" -to TD_CLK27 -entity DE1_SoC was ignored
    Warning (20014): Assignment for entity set_instance_assignment -name IO_STANDARD "3.3-V LVTTL" -to TD_DATA[0] -entity DE1_SoC was ignored
    Warning (20014): Assignment for entity set_instance_assignment -name IO_STANDARD "3.3-V LVTTL" -to TD_DATA[1] -entity DE1_SoC was ignored
    Warning (20014): Assignment for entity set_instance_assignment -name IO_STANDARD "3.3-V LVTTL" -to TD_DATA[2] -entity DE1_SoC was ignored
    Warning (20014): Assignment for entity set_instance_assignment -name IO_STANDARD "3.3-V LVTTL" -to TD_DATA[3] -entity DE1_SoC was ignored
    Warning (20014): Assignment for entity set_instance_assignment -name IO_STANDARD "3.3-V LVTTL" -to TD_DATA[4] -entity DE1_SoC was ignored
    Warning (20014): Assignment for entity set_instance_assignment -name IO_STANDARD "3.3-V LVTTL" -to TD_DATA[5] -entity DE1_SoC was ignored
    Warning (20014): Assignment for entity set_instance_assignment -name IO_STANDARD "3.3-V LVTTL" -to TD_DATA[6] -entity DE1_SoC was ignored
    Warning (20014): Assignment for entity set_instance_assignment -name IO_STANDARD "3.3-V LVTTL" -to TD_DATA[7] -entity DE1_SoC was ignored
    Warning (20014): Assignment for entity set_instance_assignment -name IO_STANDARD "3.3-V LVTTL" -to TD_HS -entity DE1_SoC was ignored
    Warning (20014): Assignment for entity set_instance_assignment -name IO_STANDARD "3.3-V LVTTL" -to TD_RESET_N -entity DE1_SoC was ignored
    Warning (20014): Assignment for entity set_instance_assignment -name IO_STANDARD "3.3-V LVTTL" -to TD_VS -entity DE1_SoC was ignored
    Warning (20014): Assignment for entity set_instance_assignment -name IO_STANDARD "3.3-V LVTTL" -to USB_B2_CLK -entity DE1_SoC was ignored
    Warning (20014): Assignment for entity set_instance_assignment -name IO_STANDARD "3.3-V LVTTL" -to USB_B2_DATA[0] -entity DE1_SoC was ignored
    Warning (20014): Assignment for entity set_instance_assignment -name IO_STANDARD "3.3-V LVTTL" -to USB_B2_DATA[1] -entity DE1_SoC was ignored
    Warning (20014): Assignment for entity set_instance_assignment -name IO_STANDARD "3.3-V LVTTL" -to USB_B2_DATA[2] -entity DE1_SoC was ignored
    Warning (20014): Assignment for entity set_instance_assignment -name IO_STANDARD "3.3-V LVTTL" -to USB_B2_DATA[3] -entity DE1_SoC was ignored
    Warning (20014): Assignment for entity set_instance_assignment -name IO_STANDARD "3.3-V LVTTL" -to USB_B2_DATA[4] -entity DE1_SoC was ignored
    Warning (20014): Assignment for entity set_instance_assignment -name IO_STANDARD "3.3-V LVTTL" -to USB_B2_DATA[5] -entity DE1_SoC was ignored
    Warning (20014): Assignment for entity set_instance_assignment -name IO_STANDARD "3.3-V LVTTL" -to USB_B2_DATA[6] -entity DE1_SoC was ignored
    Warning (20014): Assignment for entity set_instance_assignment -name IO_STANDARD "3.3-V LVTTL" -to USB_B2_DATA[7] -entity DE1_SoC was ignored
    Warning (20014): Assignment for entity set_instance_assignment -name IO_STANDARD "3.3-V LVTTL" -to USB_EMPTY -entity DE1_SoC was ignored
    Warning (20014): Assignment for entity set_instance_assignment -name IO_STANDARD "3.3-V LVTTL" -to USB_FULL -entity DE1_SoC was ignored
    Warning (20014): Assignment for entity set_instance_assignment -name IO_STANDARD "3.3-V LVTTL" -to USB_OE_N -entity DE1_SoC was ignored
    Warning (20014): Assignment for entity set_instance_assignment -name IO_STANDARD "3.3-V LVTTL" -to USB_RD_N -entity DE1_SoC was ignored
    Warning (20014): Assignment for entity set_instance_assignment -name IO_STANDARD "3.3-V LVTTL" -to USB_RESET_N -entity DE1_SoC was ignored
    Warning (20014): Assignment for entity set_instance_assignment -name IO_STANDARD "3.3-V LVTTL" -to USB_SCL -entity DE1_SoC was ignored
    Warning (20014): Assignment for entity set_instance_assignment -name IO_STANDARD "3.3-V LVTTL" -to USB_SDA -entity DE1_SoC was ignored
    Warning (20014): Assignment for entity set_instance_assignment -name IO_STANDARD "3.3-V LVTTL" -to USB_WR_N -entity DE1_SoC was ignored
    Warning (20014): Assignment for entity set_instance_assignment -name IO_STANDARD "3.3-V LVTTL" -to VGA_BLANK_N -entity DE1_SoC was ignored
    Warning (20014): Assignment for entity set_instance_assignment -name IO_STANDARD "3.3-V LVTTL" -to VGA_B[0] -entity DE1_SoC was ignored
    Warning (20014): Assignment for entity set_instance_assignment -name IO_STANDARD "3.3-V LVTTL" -to VGA_B[1] -entity DE1_SoC was ignored
    Warning (20014): Assignment for entity set_instance_assignment -name IO_STANDARD "3.3-V LVTTL" -to VGA_B[2] -entity DE1_SoC was ignored
    Warning (20014): Assignment for entity set_instance_assignment -name IO_STANDARD "3.3-V LVTTL" -to VGA_B[3] -entity DE1_SoC was ignored
    Warning (20014): Assignment for entity set_instance_assignment -name IO_STANDARD "3.3-V LVTTL" -to VGA_B[4] -entity DE1_SoC was ignored
    Warning (20014): Assignment for entity set_instance_assignment -name IO_STANDARD "3.3-V LVTTL" -to VGA_B[5] -entity DE1_SoC was ignored
    Warning (20014): Assignment for entity set_instance_assignment -name IO_STANDARD "3.3-V LVTTL" -to VGA_B[6] -entity DE1_SoC was ignored
    Warning (20014): Assignment for entity set_instance_assignment -name IO_STANDARD "3.3-V LVTTL" -to VGA_B[7] -entity DE1_SoC was ignored
    Warning (20014): Assignment for entity set_instance_assignment -name IO_STANDARD "3.3-V LVTTL" -to VGA_CLK -entity DE1_SoC was ignored
    Warning (20014): Assignment for entity set_instance_assignment -name IO_STANDARD "3.3-V LVTTL" -to VGA_G[0] -entity DE1_SoC was ignored
    Warning (20014): Assignment for entity set_instance_assignment -name IO_STANDARD "3.3-V LVTTL" -to VGA_G[1] -entity DE1_SoC was ignored
    Warning (20014): Assignment for entity set_instance_assignment -name IO_STANDARD "3.3-V LVTTL" -to VGA_G[2] -entity DE1_SoC was ignored
    Warning (20014): Assignment for entity set_instance_assignment -name IO_STANDARD "3.3-V LVTTL" -to VGA_G[3] -entity DE1_SoC was ignored
    Warning (20014): Assignment for entity set_instance_assignment -name IO_STANDARD "3.3-V LVTTL" -to VGA_G[4] -entity DE1_SoC was ignored
    Warning (20014): Assignment for entity set_instance_assignment -name IO_STANDARD "3.3-V LVTTL" -to VGA_G[5] -entity DE1_SoC was ignored
    Warning (20014): Assignment for entity set_instance_assignment -name IO_STANDARD "3.3-V LVTTL" -to VGA_G[6] -entity DE1_SoC was ignored
    Warning (20014): Assignment for entity set_instance_assignment -name IO_STANDARD "3.3-V LVTTL" -to VGA_G[7] -entity DE1_SoC was ignored
    Warning (20014): Assignment for entity set_instance_assignment -name IO_STANDARD "3.3-V LVTTL" -to VGA_HS -entity DE1_SoC was ignored
    Warning (20014): Assignment for entity set_instance_assignment -name IO_STANDARD "3.3-V LVTTL" -to VGA_R[0] -entity DE1_SoC was ignored
    Warning (20014): Assignment for entity set_instance_assignment -name IO_STANDARD "3.3-V LVTTL" -to VGA_R[1] -entity DE1_SoC was ignored
    Warning (20014): Assignment for entity set_instance_assignment -name IO_STANDARD "3.3-V LVTTL" -to VGA_R[2] -entity DE1_SoC was ignored
    Warning (20014): Assignment for entity set_instance_assignment -name IO_STANDARD "3.3-V LVTTL" -to VGA_R[3] -entity DE1_SoC was ignored
    Warning (20014): Assignment for entity set_instance_assignment -name IO_STANDARD "3.3-V LVTTL" -to VGA_R[4] -entity DE1_SoC was ignored
    Warning (20014): Assignment for entity set_instance_assignment -name IO_STANDARD "3.3-V LVTTL" -to VGA_R[5] -entity DE1_SoC was ignored
    Warning (20014): Assignment for entity set_instance_assignment -name IO_STANDARD "3.3-V LVTTL" -to VGA_R[6] -entity DE1_SoC was ignored
    Warning (20014): Assignment for entity set_instance_assignment -name IO_STANDARD "3.3-V LVTTL" -to VGA_R[7] -entity DE1_SoC was ignored
    Warning (20014): Assignment for entity set_instance_assignment -name IO_STANDARD "3.3-V LVTTL" -to VGA_SYNC_N -entity DE1_SoC was ignored
    Warning (20014): Assignment for entity set_instance_assignment -name IO_STANDARD "3.3-V LVTTL" -to VGA_VS -entity DE1_SoC was ignored
    Warning (20014): Assignment for entity set_instance_assignment -name CURRENT_STRENGTH_NEW "MAXIMUM CURRENT" -to HPS_DDR3_ADDR[0] -entity DE1_SoC was ignored
    Warning (20014): Assignment for entity set_instance_assignment -name CURRENT_STRENGTH_NEW "MAXIMUM CURRENT" -to HPS_DDR3_ADDR[10] -entity DE1_SoC was ignored
    Warning (20014): Assignment for entity set_instance_assignment -name CURRENT_STRENGTH_NEW "MAXIMUM CURRENT" -to HPS_DDR3_ADDR[11] -entity DE1_SoC was ignored
    Warning (20014): Assignment for entity set_instance_assignment -name CURRENT_STRENGTH_NEW "MAXIMUM CURRENT" -to HPS_DDR3_ADDR[12] -entity DE1_SoC was ignored
    Warning (20014): Assignment for entity set_instance_assignment -name CURRENT_STRENGTH_NEW "MAXIMUM CURRENT" -to HPS_DDR3_ADDR[13] -entity DE1_SoC was ignored
    Warning (20014): Assignment for entity set_instance_assignment -name CURRENT_STRENGTH_NEW "MAXIMUM CURRENT" -to HPS_DDR3_ADDR[14] -entity DE1_SoC was ignored
    Warning (20014): Assignment for entity set_instance_assignment -name CURRENT_STRENGTH_NEW "MAXIMUM CURRENT" -to HPS_DDR3_ADDR[1] -entity DE1_SoC was ignored
    Warning (20014): Assignment for entity set_instance_assignment -name CURRENT_STRENGTH_NEW "MAXIMUM CURRENT" -to HPS_DDR3_ADDR[2] -entity DE1_SoC was ignored
    Warning (20014): Assignment for entity set_instance_assignment -name CURRENT_STRENGTH_NEW "MAXIMUM CURRENT" -to HPS_DDR3_ADDR[3] -entity DE1_SoC was ignored
    Warning (20014): Assignment for entity set_instance_assignment -name CURRENT_STRENGTH_NEW "MAXIMUM CURRENT" -to HPS_DDR3_ADDR[4] -entity DE1_SoC was ignored
    Warning (20014): Assignment for entity set_instance_assignment -name CURRENT_STRENGTH_NEW "MAXIMUM CURRENT" -to HPS_DDR3_ADDR[5] -entity DE1_SoC was ignored
    Warning (20014): Assignment for entity set_instance_assignment -name CURRENT_STRENGTH_NEW "MAXIMUM CURRENT" -to HPS_DDR3_ADDR[6] -entity DE1_SoC was ignored
    Warning (20014): Assignment for entity set_instance_assignment -name CURRENT_STRENGTH_NEW "MAXIMUM CURRENT" -to HPS_DDR3_ADDR[7] -entity DE1_SoC was ignored
    Warning (20014): Assignment for entity set_instance_assignment -name CURRENT_STRENGTH_NEW "MAXIMUM CURRENT" -to HPS_DDR3_ADDR[8] -entity DE1_SoC was ignored
    Warning (20014): Assignment for entity set_instance_assignment -name CURRENT_STRENGTH_NEW "MAXIMUM CURRENT" -to HPS_DDR3_ADDR[9] -entity DE1_SoC was ignored
    Warning (20014): Assignment for entity set_instance_assignment -name CURRENT_STRENGTH_NEW "MAXIMUM CURRENT" -to HPS_DDR3_BA[0] -entity DE1_SoC was ignored
    Warning (20014): Assignment for entity set_instance_assignment -name CURRENT_STRENGTH_NEW "MAXIMUM CURRENT" -to HPS_DDR3_BA[1] -entity DE1_SoC was ignored
    Warning (20014): Assignment for entity set_instance_assignment -name CURRENT_STRENGTH_NEW "MAXIMUM CURRENT" -to HPS_DDR3_BA[2] -entity DE1_SoC was ignored
    Warning (20014): Assignment for entity set_instance_assignment -name CURRENT_STRENGTH_NEW "MAXIMUM CURRENT" -to HPS_DDR3_CAS_N -entity DE1_SoC was ignored
    Warning (20014): Assignment for entity set_instance_assignment -name CURRENT_STRENGTH_NEW "MAXIMUM CURRENT" -to HPS_DDR3_CKE -entity DE1_SoC was ignored
    Warning (20014): Assignment for entity set_instance_assignment -name CURRENT_STRENGTH_NEW "MAXIMUM CURRENT" -to HPS_DDR3_CS_N -entity DE1_SoC was ignored
    Warning (20014): Assignment for entity set_instance_assignment -name CURRENT_STRENGTH_NEW "MAXIMUM CURRENT" -to HPS_DDR3_ODT -entity DE1_SoC was ignored
    Warning (20014): Assignment for entity set_instance_assignment -name CURRENT_STRENGTH_NEW "MAXIMUM CURRENT" -to HPS_DDR3_RAS_N -entity DE1_SoC was ignored
    Warning (20014): Assignment for entity set_instance_assignment -name CURRENT_STRENGTH_NEW "MAXIMUM CURRENT" -to HPS_DDR3_RESET_N -entity DE1_SoC was ignored
    Warning (20014): Assignment for entity set_instance_assignment -name CURRENT_STRENGTH_NEW "MAXIMUM CURRENT" -to HPS_DDR3_WE_N -entity DE1_SoC was ignored
    Warning (20014): Assignment for entity set_instance_assignment -name INPUT_TERMINATION "PARALLEL 50 OHM WITH CALIBRATION" -to HPS_DDR3_DQS_N[0] -entity DE1_SoC was ignored
    Warning (20014): Assignment for entity set_instance_assignment -name INPUT_TERMINATION "PARALLEL 50 OHM WITH CALIBRATION" -to HPS_DDR3_DQS_N[1] -entity DE1_SoC was ignored
    Warning (20014): Assignment for entity set_instance_assignment -name INPUT_TERMINATION "PARALLEL 50 OHM WITH CALIBRATION" -to HPS_DDR3_DQS_N[2] -entity DE1_SoC was ignored
    Warning (20014): Assignment for entity set_instance_assignment -name INPUT_TERMINATION "PARALLEL 50 OHM WITH CALIBRATION" -to HPS_DDR3_DQS_N[3] -entity DE1_SoC was ignored
    Warning (20014): Assignment for entity set_instance_assignment -name INPUT_TERMINATION "PARALLEL 50 OHM WITH CALIBRATION" -to HPS_DDR3_DQS_P[0] -entity DE1_SoC was ignored
    Warning (20014): Assignment for entity set_instance_assignment -name INPUT_TERMINATION "PARALLEL 50 OHM WITH CALIBRATION" -to HPS_DDR3_DQS_P[1] -entity DE1_SoC was ignored
    Warning (20014): Assignment for entity set_instance_assignment -name INPUT_TERMINATION "PARALLEL 50 OHM WITH CALIBRATION" -to HPS_DDR3_DQS_P[2] -entity DE1_SoC was ignored
    Warning (20014): Assignment for entity set_instance_assignment -name INPUT_TERMINATION "PARALLEL 50 OHM WITH CALIBRATION" -to HPS_DDR3_DQS_P[3] -entity DE1_SoC was ignored
    Warning (20014): Assignment for entity set_instance_assignment -name INPUT_TERMINATION "PARALLEL 50 OHM WITH CALIBRATION" -to HPS_DDR3_DQ[0] -entity DE1_SoC was ignored
    Warning (20014): Assignment for entity set_instance_assignment -name INPUT_TERMINATION "PARALLEL 50 OHM WITH CALIBRATION" -to HPS_DDR3_DQ[10] -entity DE1_SoC was ignored
    Warning (20014): Assignment for entity set_instance_assignment -name INPUT_TERMINATION "PARALLEL 50 OHM WITH CALIBRATION" -to HPS_DDR3_DQ[11] -entity DE1_SoC was ignored
    Warning (20014): Assignment for entity set_instance_assignment -name INPUT_TERMINATION "PARALLEL 50 OHM WITH CALIBRATION" -to HPS_DDR3_DQ[12] -entity DE1_SoC was ignored
    Warning (20014): Assignment for entity set_instance_assignment -name INPUT_TERMINATION "PARALLEL 50 OHM WITH CALIBRATION" -to HPS_DDR3_DQ[13] -entity DE1_SoC was ignored
    Warning (20014): Assignment for entity set_instance_assignment -name INPUT_TERMINATION "PARALLEL 50 OHM WITH CALIBRATION" -to HPS_DDR3_DQ[14] -entity DE1_SoC was ignored
    Warning (20014): Assignment for entity set_instance_assignment -name INPUT_TERMINATION "PARALLEL 50 OHM WITH CALIBRATION" -to HPS_DDR3_DQ[15] -entity DE1_SoC was ignored
    Warning (20014): Assignment for entity set_instance_assignment -name INPUT_TERMINATION "PARALLEL 50 OHM WITH CALIBRATION" -to HPS_DDR3_DQ[16] -entity DE1_SoC was ignored
    Warning (20014): Assignment for entity set_instance_assignment -name INPUT_TERMINATION "PARALLEL 50 OHM WITH CALIBRATION" -to HPS_DDR3_DQ[17] -entity DE1_SoC was ignored
    Warning (20014): Assignment for entity set_instance_assignment -name INPUT_TERMINATION "PARALLEL 50 OHM WITH CALIBRATION" -to HPS_DDR3_DQ[18] -entity DE1_SoC was ignored
    Warning (20014): Assignment for entity set_instance_assignment -name INPUT_TERMINATION "PARALLEL 50 OHM WITH CALIBRATION" -to HPS_DDR3_DQ[19] -entity DE1_SoC was ignored
    Warning (20014): Assignment for entity set_instance_assignment -name INPUT_TERMINATION "PARALLEL 50 OHM WITH CALIBRATION" -to HPS_DDR3_DQ[1] -entity DE1_SoC was ignored
    Warning (20014): Assignment for entity set_instance_assignment -name INPUT_TERMINATION "PARALLEL 50 OHM WITH CALIBRATION" -to HPS_DDR3_DQ[20] -entity DE1_SoC was ignored
    Warning (20014): Assignment for entity set_instance_assignment -name INPUT_TERMINATION "PARALLEL 50 OHM WITH CALIBRATION" -to HPS_DDR3_DQ[21] -entity DE1_SoC was ignored
    Warning (20014): Assignment for entity set_instance_assignment -name INPUT_TERMINATION "PARALLEL 50 OHM WITH CALIBRATION" -to HPS_DDR3_DQ[22] -entity DE1_SoC was ignored
    Warning (20014): Assignment for entity set_instance_assignment -name INPUT_TERMINATION "PARALLEL 50 OHM WITH CALIBRATION" -to HPS_DDR3_DQ[23] -entity DE1_SoC was ignored
    Warning (20014): Assignment for entity set_instance_assignment -name INPUT_TERMINATION "PARALLEL 50 OHM WITH CALIBRATION" -to HPS_DDR3_DQ[24] -entity DE1_SoC was ignored
    Warning (20014): Assignment for entity set_instance_assignment -name INPUT_TERMINATION "PARALLEL 50 OHM WITH CALIBRATION" -to HPS_DDR3_DQ[25] -entity DE1_SoC was ignored
    Warning (20014): Assignment for entity set_instance_assignment -name INPUT_TERMINATION "PARALLEL 50 OHM WITH CALIBRATION" -to HPS_DDR3_DQ[26] -entity DE1_SoC was ignored
    Warning (20014): Assignment for entity set_instance_assignment -name INPUT_TERMINATION "PARALLEL 50 OHM WITH CALIBRATION" -to HPS_DDR3_DQ[27] -entity DE1_SoC was ignored
    Warning (20014): Assignment for entity set_instance_assignment -name INPUT_TERMINATION "PARALLEL 50 OHM WITH CALIBRATION" -to HPS_DDR3_DQ[28] -entity DE1_SoC was ignored
    Warning (20014): Assignment for entity set_instance_assignment -name INPUT_TERMINATION "PARALLEL 50 OHM WITH CALIBRATION" -to HPS_DDR3_DQ[29] -entity DE1_SoC was ignored
    Warning (20014): Assignment for entity set_instance_assignment -name INPUT_TERMINATION "PARALLEL 50 OHM WITH CALIBRATION" -to HPS_DDR3_DQ[2] -entity DE1_SoC was ignored
    Warning (20014): Assignment for entity set_instance_assignment -name INPUT_TERMINATION "PARALLEL 50 OHM WITH CALIBRATION" -to HPS_DDR3_DQ[30] -entity DE1_SoC was ignored
    Warning (20014): Assignment for entity set_instance_assignment -name INPUT_TERMINATION "PARALLEL 50 OHM WITH CALIBRATION" -to HPS_DDR3_DQ[31] -entity DE1_SoC was ignored
    Warning (20014): Assignment for entity set_instance_assignment -name INPUT_TERMINATION "PARALLEL 50 OHM WITH CALIBRATION" -to HPS_DDR3_DQ[3] -entity DE1_SoC was ignored
    Warning (20014): Assignment for entity set_instance_assignment -name INPUT_TERMINATION "PARALLEL 50 OHM WITH CALIBRATION" -to HPS_DDR3_DQ[4] -entity DE1_SoC was ignored
    Warning (20014): Assignment for entity set_instance_assignment -name INPUT_TERMINATION "PARALLEL 50 OHM WITH CALIBRATION" -to HPS_DDR3_DQ[5] -entity DE1_SoC was ignored
    Warning (20014): Assignment for entity set_instance_assignment -name INPUT_TERMINATION "PARALLEL 50 OHM WITH CALIBRATION" -to HPS_DDR3_DQ[6] -entity DE1_SoC was ignored
    Warning (20014): Assignment for entity set_instance_assignment -name INPUT_TERMINATION "PARALLEL 50 OHM WITH CALIBRATION" -to HPS_DDR3_DQ[7] -entity DE1_SoC was ignored
    Warning (20014): Assignment for entity set_instance_assignment -name INPUT_TERMINATION "PARALLEL 50 OHM WITH CALIBRATION" -to HPS_DDR3_DQ[8] -entity DE1_SoC was ignored
    Warning (20014): Assignment for entity set_instance_assignment -name INPUT_TERMINATION "PARALLEL 50 OHM WITH CALIBRATION" -to HPS_DDR3_DQ[9] -entity DE1_SoC was ignored
    Warning (20014): Assignment for entity set_instance_assignment -name OUTPUT_TERMINATION "SERIES 50 OHM WITHOUT CALIBRATION" -to HPS_DDR3_CK_N -entity DE1_SoC was ignored
    Warning (20014): Assignment for entity set_instance_assignment -name OUTPUT_TERMINATION "SERIES 50 OHM WITHOUT CALIBRATION" -to HPS_DDR3_CK_P -entity DE1_SoC was ignored
    Warning (20014): Assignment for entity set_instance_assignment -name OUTPUT_TERMINATION "SERIES 50 OHM WITH CALIBRATION" -to HPS_DDR3_DM[0] -entity DE1_SoC was ignored
    Warning (20014): Assignment for entity set_instance_assignment -name OUTPUT_TERMINATION "SERIES 50 OHM WITH CALIBRATION" -to HPS_DDR3_DM[1] -entity DE1_SoC was ignored
    Warning (20014): Assignment for entity set_instance_assignment -name OUTPUT_TERMINATION "SERIES 50 OHM WITH CALIBRATION" -to HPS_DDR3_DM[2] -entity DE1_SoC was ignored
    Warning (20014): Assignment for entity set_instance_assignment -name OUTPUT_TERMINATION "SERIES 50 OHM WITH CALIBRATION" -to HPS_DDR3_DM[3] -entity DE1_SoC was ignored
    Warning (20014): Assignment for entity set_instance_assignment -name OUTPUT_TERMINATION "SERIES 50 OHM WITH CALIBRATION" -to HPS_DDR3_DQS_N[0] -entity DE1_SoC was ignored
    Warning (20014): Assignment for entity set_instance_assignment -name OUTPUT_TERMINATION "SERIES 50 OHM WITH CALIBRATION" -to HPS_DDR3_DQS_N[1] -entity DE1_SoC was ignored
    Warning (20014): Assignment for entity set_instance_assignment -name OUTPUT_TERMINATION "SERIES 50 OHM WITH CALIBRATION" -to HPS_DDR3_DQS_N[2] -entity DE1_SoC was ignored
    Warning (20014): Assignment for entity set_instance_assignment -name OUTPUT_TERMINATION "SERIES 50 OHM WITH CALIBRATION" -to HPS_DDR3_DQS_N[3] -entity DE1_SoC was ignored
    Warning (20014): Assignment for entity set_instance_assignment -name OUTPUT_TERMINATION "SERIES 50 OHM WITH CALIBRATION" -to HPS_DDR3_DQS_P[0] -entity DE1_SoC was ignored
    Warning (20014): Assignment for entity set_instance_assignment -name OUTPUT_TERMINATION "SERIES 50 OHM WITH CALIBRATION" -to HPS_DDR3_DQS_P[1] -entity DE1_SoC was ignored
    Warning (20014): Assignment for entity set_instance_assignment -name OUTPUT_TERMINATION "SERIES 50 OHM WITH CALIBRATION" -to HPS_DDR3_DQS_P[2] -entity DE1_SoC was ignored
    Warning (20014): Assignment for entity set_instance_assignment -name OUTPUT_TERMINATION "SERIES 50 OHM WITH CALIBRATION" -to HPS_DDR3_DQS_P[3] -entity DE1_SoC was ignored
    Warning (20014): Assignment for entity set_instance_assignment -name OUTPUT_TERMINATION "SERIES 50 OHM WITH CALIBRATION" -to HPS_DDR3_DQ[0] -entity DE1_SoC was ignored
    Warning (20014): Assignment for entity set_instance_assignment -name OUTPUT_TERMINATION "SERIES 50 OHM WITH CALIBRATION" -to HPS_DDR3_DQ[10] -entity DE1_SoC was ignored
    Warning (20014): Assignment for entity set_instance_assignment -name OUTPUT_TERMINATION "SERIES 50 OHM WITH CALIBRATION" -to HPS_DDR3_DQ[11] -entity DE1_SoC was ignored
    Warning (20014): Assignment for entity set_instance_assignment -name OUTPUT_TERMINATION "SERIES 50 OHM WITH CALIBRATION" -to HPS_DDR3_DQ[12] -entity DE1_SoC was ignored
    Warning (20014): Assignment for entity set_instance_assignment -name OUTPUT_TERMINATION "SERIES 50 OHM WITH CALIBRATION" -to HPS_DDR3_DQ[13] -entity DE1_SoC was ignored
    Warning (20014): Assignment for entity set_instance_assignment -name OUTPUT_TERMINATION "SERIES 50 OHM WITH CALIBRATION" -to HPS_DDR3_DQ[14] -entity DE1_SoC was ignored
    Warning (20014): Assignment for entity set_instance_assignment -name OUTPUT_TERMINATION "SERIES 50 OHM WITH CALIBRATION" -to HPS_DDR3_DQ[15] -entity DE1_SoC was ignored
    Warning (20014): Assignment for entity set_instance_assignment -name OUTPUT_TERMINATION "SERIES 50 OHM WITH CALIBRATION" -to HPS_DDR3_DQ[16] -entity DE1_SoC was ignored
    Warning (20014): Assignment for entity set_instance_assignment -name OUTPUT_TERMINATION "SERIES 50 OHM WITH CALIBRATION" -to HPS_DDR3_DQ[17] -entity DE1_SoC was ignored
    Warning (20014): Assignment for entity set_instance_assignment -name OUTPUT_TERMINATION "SERIES 50 OHM WITH CALIBRATION" -to HPS_DDR3_DQ[18] -entity DE1_SoC was ignored
    Warning (20014): Assignment for entity set_instance_assignment -name OUTPUT_TERMINATION "SERIES 50 OHM WITH CALIBRATION" -to HPS_DDR3_DQ[19] -entity DE1_SoC was ignored
    Warning (20014): Assignment for entity set_instance_assignment -name OUTPUT_TERMINATION "SERIES 50 OHM WITH CALIBRATION" -to HPS_DDR3_DQ[1] -entity DE1_SoC was ignored
    Warning (20014): Assignment for entity set_instance_assignment -name OUTPUT_TERMINATION "SERIES 50 OHM WITH CALIBRATION" -to HPS_DDR3_DQ[20] -entity DE1_SoC was ignored
    Warning (20014): Assignment for entity set_instance_assignment -name OUTPUT_TERMINATION "SERIES 50 OHM WITH CALIBRATION" -to HPS_DDR3_DQ[21] -entity DE1_SoC was ignored
    Warning (20014): Assignment for entity set_instance_assignment -name OUTPUT_TERMINATION "SERIES 50 OHM WITH CALIBRATION" -to HPS_DDR3_DQ[22] -entity DE1_SoC was ignored
    Warning (20014): Assignment for entity set_instance_assignment -name OUTPUT_TERMINATION "SERIES 50 OHM WITH CALIBRATION" -to HPS_DDR3_DQ[23] -entity DE1_SoC was ignored
    Warning (20014): Assignment for entity set_instance_assignment -name OUTPUT_TERMINATION "SERIES 50 OHM WITH CALIBRATION" -to HPS_DDR3_DQ[24] -entity DE1_SoC was ignored
    Warning (20014): Assignment for entity set_instance_assignment -name OUTPUT_TERMINATION "SERIES 50 OHM WITH CALIBRATION" -to HPS_DDR3_DQ[25] -entity DE1_SoC was ignored
    Warning (20014): Assignment for entity set_instance_assignment -name OUTPUT_TERMINATION "SERIES 50 OHM WITH CALIBRATION" -to HPS_DDR3_DQ[26] -entity DE1_SoC was ignored
    Warning (20014): Assignment for entity set_instance_assignment -name OUTPUT_TERMINATION "SERIES 50 OHM WITH CALIBRATION" -to HPS_DDR3_DQ[27] -entity DE1_SoC was ignored
    Warning (20014): Assignment for entity set_instance_assignment -name OUTPUT_TERMINATION "SERIES 50 OHM WITH CALIBRATION" -to HPS_DDR3_DQ[28] -entity DE1_SoC was ignored
    Warning (20014): Assignment for entity set_instance_assignment -name OUTPUT_TERMINATION "SERIES 50 OHM WITH CALIBRATION" -to HPS_DDR3_DQ[29] -entity DE1_SoC was ignored
    Warning (20014): Assignment for entity set_instance_assignment -name OUTPUT_TERMINATION "SERIES 50 OHM WITH CALIBRATION" -to HPS_DDR3_DQ[2] -entity DE1_SoC was ignored
    Warning (20014): Assignment for entity set_instance_assignment -name OUTPUT_TERMINATION "SERIES 50 OHM WITH CALIBRATION" -to HPS_DDR3_DQ[30] -entity DE1_SoC was ignored
    Warning (20014): Assignment for entity set_instance_assignment -name OUTPUT_TERMINATION "SERIES 50 OHM WITH CALIBRATION" -to HPS_DDR3_DQ[31] -entity DE1_SoC was ignored
    Warning (20014): Assignment for entity set_instance_assignment -name OUTPUT_TERMINATION "SERIES 50 OHM WITH CALIBRATION" -to HPS_DDR3_DQ[3] -entity DE1_SoC was ignored
    Warning (20014): Assignment for entity set_instance_assignment -name OUTPUT_TERMINATION "SERIES 50 OHM WITH CALIBRATION" -to HPS_DDR3_DQ[4] -entity DE1_SoC was ignored
    Warning (20014): Assignment for entity set_instance_assignment -name OUTPUT_TERMINATION "SERIES 50 OHM WITH CALIBRATION" -to HPS_DDR3_DQ[5] -entity DE1_SoC was ignored
    Warning (20014): Assignment for entity set_instance_assignment -name OUTPUT_TERMINATION "SERIES 50 OHM WITH CALIBRATION" -to HPS_DDR3_DQ[6] -entity DE1_SoC was ignored
    Warning (20014): Assignment for entity set_instance_assignment -name OUTPUT_TERMINATION "SERIES 50 OHM WITH CALIBRATION" -to HPS_DDR3_DQ[7] -entity DE1_SoC was ignored
    Warning (20014): Assignment for entity set_instance_assignment -name OUTPUT_TERMINATION "SERIES 50 OHM WITH CALIBRATION" -to HPS_DDR3_DQ[8] -entity DE1_SoC was ignored
    Warning (20014): Assignment for entity set_instance_assignment -name OUTPUT_TERMINATION "SERIES 50 OHM WITH CALIBRATION" -to HPS_DDR3_DQ[9] -entity DE1_SoC was ignored
    Warning (20014): Assignment for entity set_instance_assignment -name D5_DELAY 2 -to HPS_DDR3_CK_N -entity DE1_SoC was ignored
    Warning (20014): Assignment for entity set_instance_assignment -name D5_DELAY 2 -to HPS_DDR3_CK_P -entity DE1_SoC was ignored
Info (16010): Generating hard_block partition "hard_block:auto_generated_inst"
    Info (16011): Adding 0 node(s), including 0 DDIO, 0 PLL, 0 transceiver and 0 LCELL
Warning (21074): Design contains 4 input pin(s) that do not drive logic
    Warning (15610): No output dependent on input pin "KEY[2]" File: C:/Users/rhysf/testing/rv32i-single-cycle/rtl/top.vhd Line: 7
    Warning (15610): No output dependent on input pin "KEY[3]" File: C:/Users/rhysf/testing/rv32i-single-cycle/rtl/top.vhd Line: 7
    Warning (15610): No output dependent on input pin "SW[7]" File: C:/Users/rhysf/testing/rv32i-single-cycle/rtl/top.vhd Line: 8
    Warning (15610): No output dependent on input pin "SW[8]" File: C:/Users/rhysf/testing/rv32i-single-cycle/rtl/top.vhd Line: 8
Info (21057): Implemented 4044 device resources after synthesis - the final resource count might be different
    Info (21058): Implemented 15 input pins
    Info (21059): Implemented 52 output pins
    Info (21061): Implemented 3977 logic cells
Info: Quartus Prime Analysis & Synthesis was successful. 0 errors, 677 warnings
    Info: Peak virtual memory: 4946 megabytes
    Info: Processing ended: Mon Apr 06 16:44:23 2026
    Info: Elapsed time: 00:00:11
    Info: Total CPU time (on all processors): 00:00:19


